,Symbol,2021,2020,2019,2018,2017,2016
0,MMM,7.07882329626043,8.48675895667537,9.47957740954855,10.8264043379969,11.5419299234653,8.9488297823667
1,AOS,7.32292849772788,5.09484328098214,4.83703774060529,4.173793219,6.380034829,5.459305712
2,ABT,7.229931676,6.182879927,4.8278613,4.13729256,3.101151392,2.721958445
3,ABBV.K,17.665022355,12.387119817,-15.916772188,-47.472967812,23.083755601,15.729125566
4,ABMD.O,11.802279459,12.390432664,7.783809566,18.461723868,13.694593989,12.25484118
5,ACN,12.884543451,9.250582164,8.82408207,7.095911096,10.684839462,10.141004194
6,ATVI.O,3.056718691,4.989227931,3.730451221,3.333558457,4.803202416,3.04309355
7,ADM,1.719823843,1.450572405,1.367930377,1.208363617,1.275169038,1.504487399
8,ADBE.O,18.72627723,20.494971399,15.613531456,12.484075828,10.571193618,7.030654494
9,ADP.O,19.447317173,13.021856117,13.784524409,12.280239378,13.161420549,10.957299358
10,AAP,4.683706088,2.86519656,3.211366211,3.136335185,2.280217052,4.453158554
11,AES,4.652827705,7.799691629,4.20747259,2.89767672,2.244816872,2.657746156
12,AFL,1.153489647,0.963328175,1.321026462,1.496403042,1.573205965,1.246357762
13,A,8.946799035,7.440578699,5.551977675,4.697236698,4.463742496,3.479010134
14,APD,4.975160321,4.998956143,4.685838274,3.235866061,3.552004042,4.415418438
15,AKAM.O,4.14847455,4.161135009,3.987933405,3.172272442,3.373105998,3.654340935
16,ALK,1.848882925,1.861723903,1.964270556,1.980086448,2.598163888,3.81892216
17,ALB,4.802409983,3.807270232,2.01860684,2.319125495,3.624483606,2.934528257
18,ARE,2.321484445,2.219878424,2.323032228,1.774010906,2.277548609,2.183450336
19,ALGN.O,14.735133444,13.890137278,16.844150131,14.041138633,15.071859948,7.896262211
20,ALLE.K,13.745977024,13.024506112,16.911639312,12.69319053,20.588882167,40.480813703
21,LNT.O,2.488225992,2.178061738,2.544216943,2.089618274,2.26252577,2.123593711
22,ALL,1.267656852,1.225790265,1.398096787,1.206251851,1.704218093,1.302959778
23,GOOGL.O,7.87354933935205,5.57865015667296,4.74635756114461,4.28195493829738,4.65876378524142,4.07228640074474
24,GOOG.O,7.87354933935205,5.57865015667296,4.74635756114461,4.28195493829738,4.65876378524142,4.07228640074474
25,MO,-68.771242163,24.273713275,8.841929038,5.993064555,11.208779905,44.82128628
26,AMZN.O,13.9110598520863,19.7520852913344,16.1867487788738,18.7722256871063,22.8601078759849,20.0308317397928
27,AMCR.K,3.949094624,3.926514188,3.235492792,,,
28,AMD.O,24.440414798,28.50670287,23.477959558,16.39248,19.077307693,27.274909088
29,AEE,2.367472999,2.273110143,2.343438353,2.080612069,1.948396732,1.769330738
30,AAL.O,-1.563627183,-1.450919592,78.517825728,-26.036205249,6.325834417,5.520300333
31,AEP.O,2.00446396,2.022214826,2.359220646,1.934872956,2.001550912,1.787218895
32,AXP,5.210873659,4.450708766,4.438926819,3.793256291,4.102395542,3.232210116
33,AIG,0.732672917,0.508742173,0.680677637,0.59509028,0.739019647,0.768201525
34,AMT,24.616930163,26.7178196,19.420719735,13.031229045,9.395367953,6.705982961
35,AWK,4.993421541,4.272025517,3.58764928,2.797392612,2.957490851,2.49913426
36,AMP,5.941099877,3.799848487,3.53895974,2.597539121,3.98711518,2.587343137
37,ABC,171.228081371,-19.594375741,6.106042815,5.40891996,9.695592386,8.080077146
38,AME,5.186337177,4.877823918,4.685576829,3.482838676,4.447258333,3.334399847
39,AMGN.O,15.468912012,12.241839584,13.153283975,8.689534811,3.920560365,3.538725766
40,APH,8.813809852,7.757674299,7.712295863,6.089282846,6.584136507,5.590546874
41,ADI.O,2.430407838,4.549446116,3.738009301,2.81951601,3.229790404,4.332365666
42,ANSS.O,8.06189132,8.70107918,7.41094943,4.71254494,5.474103365,3.584288902
43,AON,30.124030783,13.671113495,13.963542096,8.226380103,6.494144928,5.408199301
44,APA.O,-9.283113388,-3.26396149,1.52712372,1.31583915,2.293995066,3.72273606
45,AAPL.O,46.234021081,34.476295665,14.419108074,7.000209914,6.471662889,4.81902195
46,AMAT.O,11.461183963,7.456816033,6.806992939,4.625212564,5.796042357,4.820155189
47,APTV.K,5.379819589,4.778161817,6.810530997,4.506784751,7.040627538,5.9965267
48,ACGL.O,1.285794477,1.176124913,1.557643655,1.158251147,1.333032856,1.439781607
49,ANET.K,11.437639383,7.126221389,5.848353843,8.163575223,11.290611183,6.710140604
50,AJG,4.17716812,4.121737616,3.66700287,2.979137419,2.783704136,2.507441747
51,AIZ,1.561589189,1.355608599,1.407784745,1.068884084,1.310913908,1.195773317
52,T,0.809935966201014,0.881489226440358,1.1774961194524,0.852305190746513,1.44253126972549,1.59554618720645
53,ATO,1.754624,1.768900895,2.321519132,2.162977274,2.33754999,2.22533056
54,ADSK.O,48.37724666,968.846023161,-235.377575383,-83.259612512,215.196372218,15.53026161
55,AZO,-20.398054764,-26.381459425,-15.866559718,-12.745313828,-12.716137733,-11.944207669
56,AVB,3.269605951,2.102480339,2.708120396,2.313806655,2.384026307,2.423831437
57,AVY,9.970708504,9.698886741,10.340988197,7.464824958,8.914389957,6.00850054
58,BKR.O,1.478292885,1.259428672,0.765943726,0.648691645,0.905536531,1.454839434
59,BALL.K,8.442467046,10.557137408,6.326635543,4.303447825,3.752298844,3.533101617
60,BAC,1.345693162,0.976495253,1.191457474,0.926568501,1.133031475,0.828400814
61,BBWI.K,-10.826610978,-5.32886388,-3.254283547,-4.341830931,-12.243172197,-12.788470466
62,BAX,4.900292387,4.784139489,5.484579365,3.854241406,3.719052567,2.779430543
63,BDX,2.94577941494377,2.97704846880344,3.40140434653512,2.80659909745766,3.67397194851578,4.51008586748763
64,WRB,2.172365770856,1.92114557025065,2.03904707106311,1.58541251722279,1.50555151569381,1.51719863147886
65,BRKb,1.428310867,1.31972064,1.39755716,1.341628888,1.592046816,1.494405218
66,BBY,5.790107527,6.300983847,7.30496,4.782576361,4.881290944,3.134407416
67,BIO,1.474351666,1.970436936,2.158717944,1.419824316,2.493886902,1.992376201
68,TECH.O,12.393533387,8.516582075,7.119495512,4.931052747,5.04931049,4.283803932
69,BIIB.O,3.37915493,3.502714505,3.856499904,4.40414801,5.348101785,4.712159488
70,BLK,3.779622019,3.24837636,2.394288419,1.92486914,2.74498601,2.136406382
71,BK,1.100059337,0.837268824,1.128751693,1.119869031,1.361050361,1.262038268
72,BA,-8.19043108,-10.222515068,-44.54180429,-142.360114177,162.214333071,46.127150079
73,BKNG.O,17.767485866,18.566296956,14.523819121,8.069960032,6.579089135,7.381199325
74,BWA,1.626014383,1.986168049,2.009797833,1.794938245,2.815625628,2.2642536
75,BXP,3.147181442,2.400217999,3.756960224,2.957892247,3.444768036,3.377890722
76,BSX,3.676509015,3.307339806,6.49825359,5.89940102,4.484728484,4.543047673
77,BMY,3.718992342,2.79492404,5.925062897,6.219307918,6.785859433,6.224666624
78,AVGO.O,11.009307347,7.46439432,5.042939738,3.891894812,5.176400883,3.726668097
79,BR,12.133794047,12.53730372,12.392896624,9.110210697,10.167231911,7.511014934
80,BRO,4.832317934,3.633796357,3.36489475,2.617995977,2.89074746934493,2.70762922986142
81,BFb,11.936402292,15.603557624,16.406140853,14.953086197,14.109205708,11.943879817
82,CHRW.O,7.193135575,6.809657412,6.316963522,7.407377619,9.197237671,8.187532079
83,CDNS.O,19.627549575,15.884405564,13.147625542,9.756138306,11.682821695,7.80209701
84,CZR.O,4.088851966,4.59013151,4.092621377,2.704564103,2.981577231,2.689290538
85,CPT,4.794792245,2.849870629,2.937220235,2.521629224,2.793324417,2.704716851
86,CPB,4.057162287,5.290736728,12.045875706,7.062581792,8.614580607,11.721057269
87,COF,0.982677304,0.771043605,0.819972838,0.704452084,0.958270963,0.881974374
88,CAH,10.497602297,11.073586498,16.4666,2.262810756,2.89009434,3.536609337
89,KMX,4.304724251,3.893667926,4.002574218,3.157824775,3.644342528,4.017699916
90,CCL,1.535092512,0.951782803,1.380518284,1.399772856,1.979677726,1.659554585
91,CARR.K,6.812378922,6.41511849,,,,
92,CTLT.K,4.998431507,4.656515073,3.648681236,2.960632334,5.253285723,5.473088397
93,CAT,6.710727056,6.614748286,5.458573504,4.730905971,5.999208648,3.468177181
94,CBOE.K,3.976621273,3.015699205,4.01075567,3.464704124,4.911814098,20.742049474
95,CBRE.K,4.560331836,3.210501903,3.733503884,2.89602687,3.873558572,3.61868378
96,CDW.O,33.322623656,15.19548809,21.981259758,10.537128457,13.174235586,8.440630994
97,CE,4.682022092,6.073699726,5.438134655,3.397860479,5.34951881,4.160711672
98,CNC,1.816685559,1.352806678,2.113164317,2.222596095,2.621755735,1.690952887
99,CNP,1.979829238,1.405567792,1.641020608,2.211841257,3.378672127,3.05645191
100,CDAY.K,7.107171979,7.726404315,5.268763841,3.094790278,,
101,CF,5.160220959,2.930092769,3.489846226,2.935810278,3.133172145,1.901140568
102,CRL,7.835071785,6.551096482,4.868678997,4.343829588,5.070529499,4.154083337
103,SCHW.K,2.765644063,2.182848105,2.870730687,2.694521178,3.818568362,3.378108098
104,CHTR.O,6.863910682,4.914420287,3.159626997,1.758110069,2.513562353,1.934850637
105,CVX,1.665027327,1.196711532,1.462189075,1.353561086,1.620733148,1.513558917
106,CMG,21.299843503,21.488181172,14.344071091,8.357708904,5.89405116,7.588713717
107,CB,1.404172222,1.231556967,1.293649608,1.169454589,1.343890244,1.270850923
108,CHD,7.147160526,6.748886711,6.741735692,6.874440139,6.414531061,5.38531482
109,CI,1.604964294,1.629604885,1.70926848,2.971811508,3.539892584,2.450720423
110,CINF.O,1.550048391,1.441672242,1.833476683,1.511427166,1.634332048,1.740304747
111,CTAS.O,13.837897049,10.25119541,9.117015246,5.37060581,6.448452751,6.099880851
112,CSCO.O,6.258197466,4.951503001,5.908792377,4.46363825,2.892803966,2.394493896
113,C,0.596539632,0.662142988,0.888184037,0.645355639,0.864282967,0.731337445
114,CFG,0.859750252,0.679697955,0.825011599,0.695186725,1.042778461,0.914802324
115,CLX,58.209825407,22.824569577,35.033777336,29.053242969,32.392072087,53.451592236
116,CME.O,3.002720956,2.381603285,2.604185557,2.635236959,2.257485665,1.702500797
117,CMS,3.094414614,3.283301316,3.597738955,2.961854075,2.937084895,2.727434139
118,KO,11.530185761,12.664453163,12.671372843,11.033815155,8.840388806,6.857531063
119,CTSH.O,4.034124372,3.965085278,3.187348159,3.353834943,3.816540669,3.30225489
120,CL,121.706780383,112.245798858,-182.095444761,-120.053213103,-613.454063283,-437.337291389
121,CMCSA.O,2.400804923,2.78206152,2.617984538,2.165885623,3.377136807,3.08331949
122,CMA,1.460663214,0.986590537,1.436359463,1.463968902,1.883689369,1.516704983
123,CAG,1.914386583,2.181109811,2.239625556,2.239412584,4.056124349,4.65637255
124,COP,2.158032077,1.393591859,2.03025612,2.246633234,2.151536504,1.717579053
125,ED,1.456277886,1.305189791,1.672478423,1.496762133,1.743775659,1.575131422
126,STZ,4.212798739,3.612552434,3.178613448,2.703529445,5.638542909,4.293840113
127,CEG.O,,,,,,
128,COO,2.975271832,4.664281755,4.347739775,3.785645181,3.348094593,3.166623637
129,CPRT.O,9.47894913515024,11.0836839215195,10.9714111577636,6.68810707558264,8.40366210924708,7.85862617156643
130,GLW,2.565789214,2.163981043,1.71524321,1.709507559,1.605319051,1.302453022
131,CTVA.K,1.39559514,1.200650885,0.884365717,,,
132,CSGP.O,5.570468051,6.852945267,6.646435796,4.196253148,6.090126431,3.795357561
133,COST.O,13.63470085,11.231264125,7.977620272,6.641825747,7.190347564,5.502789067
134,CTRA.K,3.26451152,2.991579203,3.13357895,4.524032332,4.885201268,3.70648449
135,CCI,10.588971348,6.986132393,5.48251437,3.666649044,3.558979164,4.33701069
136,CSX.O,6.335649989,5.459290158,4.771643342,3.824207981,4.515858295,2.887314404
137,CMI,3.862389755,4.367988312,3.510457362,2.982786817,3.843523398,3.317213874
138,CVS,1.833912365,1.299354717,1.543605104,1.823280354,2.106602989,2.339927675
139,DHI,2.593619578,2.118824208,1.939422506,1.451541388,2.471962296,1.500477112
140,DHR,5.410178017,4.156530176,3.391431868,2.611406477,2.544050931,2.321277704
141,DRI,7.114954222,6.53028078,5.612394018,5.447288386,5.768255397,4.968876091
142,DVA,10.20738967,8.482532205,4.332694363,2.23329287,2.857510324,2.624316324
143,DE,5.731236961,6.523083663,4.753764056,4.208436721,5.270461518,4.974490211
144,DAL,9.597751376,7.63875371,2.510055871,2.496524601,2.851688868,2.895504471
145,XRAY.O,2.38104139,2.403247558,2.487484824,1.610117658,2.021258659,1.602361908
146,DVN,3.34175818,2.00305325836403,1.50319224471987,1.17576031235548,2.98545118460859,4.01262335007566
147,DXCM.O,24.357686906259,23.6731274596832,26.1869815520002,18.9225186762721,12.98747656301,19.2690985489519
148,FANG.O,1.63847918466197,0.771781716990236,1.02768780950626,1.48757602359476,2.44137414690669,3.02709431838413
149,DLR,2.906312578,2.210077434,2.646496733,2.192020593,2.235003542,3.02713567
150,DFS,2.568232694,2.706507557,2.280166248,1.809233291,2.516851897,2.518650522
151,DISH.O,1.147017888,1.340272322,1.72323896,1.413499313,4.002847309,6.262734812
152,DIS,3.115186273,3.860612565,2.898230476,3.372255141,3.903303885,3.854200855
153,DG,8.827945516,7.375785431,5.973337224,4.470270462,4.397188174,3.816385409
154,DLTR.O,4.362396886,3.650429961,3.636749547,2.706268334,4.159764735,3.608471185
155,D,2.365033821,2.330012151,2.327421293,2.534179751,3.206550369,3.210451264
156,DPZ,-4.99937928,-4.703501346,-4.162663821,-3.468820166,-2.988204556,-3.95416482
157,DOV,6.718611312,5.604030292,5.548503952,3.778221361,2.970192742,2.47978963
158,DOW,2.551914918,3.332299068,2.332436988,,,
159,DTE,2.703181867,1.622576557,1.886896673,1.672716426,1.782494718,1.647285879
160,DUK,1.636037479,1.464768943,1.431846548,1.43114083,1.414258605,1.320857023
161,DD,1.571447859,1.389380593,1.15325042,0.593216167,0.767611719,
162,DXC,1.701434154,1.487272724,1.123779121,1.300483458,1.928210163,3.54477068
163,EMN,2.655070593,2.235329512,1.789648932,1.728845384,2.649979834,2.484420855
164,ETN,4.313195918,3.30808262,2.470800606,1.776127731,2.097981438,1.967317125
165,EBAY.O,3.846002741,11.856934932,9.04406422,3.901199307,3.508752991,4.863430122
166,ECL,9.696905459,10.267996599,6.491791029,5.368554367,5.367348629,4.975741237
167,EIX,1.747005427,1.729573464,2.05442374,1.529125528,1.410287537,1.674769654
168,EW,14.593165864,13.497177636,12.750708597,9.528496444,7.541035137,7.438840249
169,EA.O,4.768279022,5.157151703,4.400730651,4.511687042,7.374311759,6.548780488
170,ELV,3.149945815,2.361195484,2.446356532,2.337363761,2.232078597,1.530398131
171,LLY,34.063299417,33.457071918,37.324021782,9.605402643,6.245573239,5.214594601
172,EMR,5.604727917,5.718174896,5.659523867,4.201933609,5.129561068,4.735188203
173,ENPH.O,38.080459884,53.234688832,20.985466975,121.006511079,-26.323118442,5.920185745
174,ETR,1.967499189,1.813048476,2.317966379,1.810580511,1.643881015,1.277440229
175,EOG,2.30647869171148,1.34604245933861,2.15051931234157,2.54288144717827,4.17751585369603,4.40347343599684
176,EPAM.K,16.205444272,10.784119019,7.813060944,5.237402834,5.750014512,4.37384166
177,EQT,0.998825371,0.366889558,0.255225611,0.43691188,0.882250559,1.017193386
178,EFX,10.09278368,8.005921475,6.778203355,3.526920396,4.564056251,5.14923273
179,EQIX.O,7.20618379,6.028399742,5.681616245,3.958349065,5.419732167,5.517576927
180,EQR,3.182888907,2.098063675,2.950886936,2.375936457,2.284088891,2.326496702
181,ESS,3.853184948,2.545151071,3.193735395,2.564110849,2.542654324,2.502045977
182,EL,21.955788848,21.614013945,16.445797197,10.761305064,9.911394898,7.662031746
183,ETSY.O,51.903278022,33.534353885,13.480175147,14.495092613,7.11005358,3.944520976
184,RE,1.08097907980407,0.975455135,1.255528722,1.062709234,1.140209345,1.100341446
185,EVRG.K,1.688418629,1.430507161,1.721034485,1.406370966,1.909536008,2.101377791
186,ES,2.147058352,2.09792555,2.243185574,1.782223527,1.795011162,1.623220859
187,EXC.O,1.189939482,0.893539478,0.986743286,1.002516573,0.961067389,0.897457573
188,EXPE.O,12.946540415,7.055360315,3.760345325,3.832565663,3.961233613,4.371582364
189,EXPD.O,6.656502386,6.433003139,6.017237075,6.007561299,5.807014302,5.160591649
190,EXR,10.141454483,6.26000723,5.418090876,4.777753277,4.974269688,4.418720705
191,XOM,1.61313636,0.982402255,1.554585894,1.516646758,1.944209221,2.194107868
192,FFIV.O,6.288479438,4.815621628,4.785844966,7.58980721,6.681013607,7.974934487
193,FDS,17.987323572,14.106883977,15.212979091,14.534099708,13.439700232,12.647252081
194,FAST.O,12.427888271,9.714046545,8.129470527,6.429769057,7.693752723,7.054189923
195,FRT,4.307817194,2.765875372,3.934714833,3.771285915,4.361532145,5.171152441
196,FDX,2.747861672,3.270955206,2.116073454,2.182759865,3.919623323,3.41504575
197,FITB.O,1.333704616,0.855687163,1.032015347,0.983076562,1.30831753,1.214714685
198,FRC,2.500993121,2.230095181,2.09777046,1.652038588,1.842106929,2.146174386
199,FE,3.027465169,2.310612969,3.610994101,2.79423438,2.126374018,1.146246143
200,FIS,1.411152744,1.78877037,1.439105803,3.336613431,3.137903856,2.568048856
201,FISV.O,2.168040258,2.408190016,2.409651474,11.074592259,11.65104,9.010425847
202,FLT,5.724539405,7.745090889,6.400959469,4.621743787,5.023825391,4.13028812
203,FMC,4.594815047,5.064693632,4.883814451,2.833064883,5.194410442,3.147356092
204,F,2.334517804,1.086908377,1.073937028,0.850929216,1.507505925,1.541808965
205,FTNT.O,52.522994363614,33.8003631512564,15.2349116963234,13.4524775677819,8.45616808447895,6.34951737838574
206,FTV,2.935994205,3.11102044,2.998272264,3.394324829,6.051054058,6.065112088
207,FBHS.K,4.750213453,4.52787056,3.893183207,2.651929746,4.177323078,3.508445765
208,FOXA.O,1.841837028,1.610083011,2.229404563,,,
209,FOX.L,1.03814464161232,1.129107258,0.794861745,1.939339382,2.841151001,1.481683581
210,BEN,1.497366146,1.223289914,1.309433095,1.555395934,1.75313438,1.740444955
211,FCX,4.587706133,4.093445214,2.01578992,1.497362935,3.937197763,3.796445478
212,GRMN.K,4.473041619,4.48312905,4.233484919,3.024606391,3.068775182,2.717764477
213,IT,82.889596174,13.804579987,14.993149812,12.341178842,12.929022725,-795.799648044
214,GNRC.K,12.457545634,11.616650466,6.733520208,4.460330883,6.598519303,6.552926858
215,GD,3.702664167,2.934865709,3.775559276,3.650153177,5.253086037,4.64596143
216,GE,2.768124841,2.843687181,3.489167584,2.01225006,1.91133524,3.281720024
217,GIS,4.267270303,4.204715789,4.198796209,3.493114345,7.968490793,8.572681912
218,GM,1.624099723,1.345054337,1.15006509,1.230393316,1.358473593,1.168604651
219,GPC,6.276430528,4.80777204,4.237693228,3.902413286,4.123380592,4.277377816
220,GILD.O,4.244319981,4.184567498,3.992655795,3.540514413,3.768705172,5.612308513
221,GL,1.101145283,1.212934703,1.560850091,1.509299156,2.024933158,1.724154028
222,GPN,1.499746491,2.323692433,1.975453072,4.104827971,4.50660416,3.883675742
223,GS,1.204879296,0.979329822,0.893384029,0.717665665,1.119213302,1.097362983
224,HAL,3.598975532,3.209365385,2.199663417,2.587695043,4.623482695,4.826870481
225,HIG,1.321062775,0.985635336,1.364405296,1.252505947,1.167665193,0.969569446
226,HAS.O,4.649964098,4.621105676,7.242918982,5.455274115,5.78700185,5.580163214
227,HCA,-115.892139005,-57.133893666,-14.099087998,-7.662074542,-4.624941834,-3.586492595
228,PEAK.K,2.916618688,2.379288528,2.874942282,2.588113993,2.211439544,1.514041836
229,HSIC.O,3.119360194,3.018638817,3.44867563,3.155919076,2.85487273,3.312528148
230,HSY,15.762609083,15.34666789,17.540412692,18.2021332,29.046402006,24.67185604
231,HES,4.087909015,2.740131339,2.2852968,1.243342194,1.148628033,0.994169061
232,HPE,1.022590256,0.95027416,1.200306469,0.885061914,0.976058979,0.712387466
233,HLT,-38.543729515,-23.313341409,-151.06699174,37.146142787,17.711613505,2.911592474
234,HOLX.O,4.603345584,6.932418801,6.605772959,4.570412055,4.226227511,5.200152667
235,HD,419.420734304,186.193563511,-219.994639547,147.218500002,87.051136453,29.095980078
236,HON.O,8.044966035,8.257806241,6.98395436,5.362598607,5.308032306,4.404929476
237,HRL,3.796873265,3.916263214,4.071765351,4.070285944,3.89580581,4.135903485
238,HST.O,2.028501879,1.611768041,1.777326977,1.680291969,2.060298202,1.950044117
239,HWM,3.799482622,3.534679082,2.174407363,1.164902278,1.69023057,0.529187559
240,HPQ,-24.930690909,-14.391992818,-25.114752724,-49.957940847,-10.16950581,-6.532805349
241,HUM,3.666784487,3.443412398,4.183845862,3.710119643,3.161118991,2.69571234
242,HBAN.O,1.145050181,0.994707198,1.307746122,1.157255239,1.471053421,1.380682791
243,HII,3.420865235,3.672574468,6.032891496,4.484016438,6.236688084,5.184524818
244,IBM,5.392582994,5.05173441,6.314435841,4.98740973,6.912245179,8.862773407
245,IEX,6.600261323,6.288849519,6.046225978,4.709033529,5.58837815,4.419441206
246,IDXX.O,74.050730172,96.779922193,110.798804011,-10036.84594021,-280.780930043,191.794710839
247,ITW,22.185143184,23.934725519,19.464963587,11.867798419,11.38021302,8.977452059
248,ILMN.O,5.638542434,11.493617021,10.985758054,12.586271767,11.173218914,8.396357918
249,INCY.O,5.149169252,7.963831701,7.76314088,7.504041065,11.370015379,51.020111361
250,IR,2.913622069,2.168919854,4.190256006,2.50604433,5.229319453,
251,INTC.O,2.324980297,2.738449446,3.498918127,2.974923192,3.008506253,2.685638193
252,ICE,3.565320284,3.400330687,3.009317639,2.55545568,2.585552776,2.164124549
253,IP,1.890527541,2.609172645,2.297702438,2.198528675,4.609850427,4.908210042
254,IPG,4.647890522,3.366540807,3.619842041,3.745031573,3.972122777,4.910143196
255,IFF,1.789733391,1.914812527,2.274874662,3.054429746,6.858598547,5.528916829
256,INTU.O,18.056288384,19.025596559,18.770929026,18.366840888,33.532119086,31.477097735
257,ISRG.O,11.247312657,10.383419009,8.804797514,8.708269412,8.244145275,4.428673183
258,IVZ,0.704028753,0.574537032,0.60126735,0.766182951,2.15530623,1.602099922
259,INVH.K,2.844304111,2.010400442,1.992593495,1.241310899,2.037366499,
260,IQV,9.249777663,5.875280363,4.889078454,3.25726833,3.184715033,-28.96956836
261,IRM,15.558301755,9.062743683,6.056934602,4.788113755,5.393429644,4.026955577
262,JBHT.O,7.345367684,5.805616527,5.674038119,4.882184539,8.573050716,7.862203742
263,JKHY.O,8.857543054,8.006798173,7.58883918,7.145304649,8.703293904,7.128750414
264,J,3.021142168,2.43088346,2.088749243,1.420152073,1.79313438,1.61635526
265,JNJ,6.40851561,6.425177089,6.592995724,5.357923324,5.070975345,4.310474277
266,JCI,3.281352833,1.939285531,1.601605957,1.297578943,1.729599751,1.598201768
267,JPM,1.613449066,1.428685319,1.653978838,1.253597505,1.436061543,1.214041641
268,JNPR.K,2.648232355,1.62527254,1.809156902,1.996740631,2.084139509,2.250733578
269,K,7.784391504,8.606711564,8.64817015,6.49031168,12.170783601,11.840828375
270,KDP.O,2.141541744,1.933040234,1.777362887,1.597644605,1.325933199,1.260229587
271,KEY,1.22921039,0.903934127,1.168965221,1.005179189,1.427255099,1.318294633
272,KEYS.K,9.927105973,7.423802548,6.405833888,4.761252774,3.344207792,4.101737607
273,KMB,101.521443037,137.003379108,-334.705000008,-296.673134033,163.939204644,136.791331097
274,KIM,1.532593103,1.185735547,1.783883312,1.147842271,1.481825134,2.017055475
275,KMI,1.177031627,0.980558989,1.424109532,1.012946512,1.144551902,1.334597134
276,KLAC.O,16.904598649,14.570934987,10.584899343,8.739939026,11.247126999,15.737704462
277,KHC.O,0.879420631,0.861253606,0.759211387,0.802412786,1.611866778,1.844472561
278,KR,3.50896943,2.415904667,2.607961862,2.867877679,3.878660786,4.874824561
279,LHX,2.153805098,1.862478279,1.925163015,4.881749032,5.645411194,4.164767118
280,LH,2.86011858,2.406302873,2.278651657,1.767760379,2.658543398,2.389373212
281,LRCX.O,17.399223794,12.600960497,8.581221228,3.923912449,4.104678235,2.764349039
282,LW,21.659680504,34.703692096,136.140582895,-43.898521702,-14.335275998,3.776206095
283,LVS,13.68076118,14.233948109,9.89414443,5.946837657,9.310905699,6.691477437
284,LDOS.K,3.02454435,4.027803562,4.25215342,2.289519398,2.959948391,2.461810013
285,LEN,1.74082772,1.388294413,1.152747958,0.92151166,1.974738747,1.472655812
286,LNC,0.600021264,0.451188293,0.585193811,0.731267294,1.034473148,0.927809597
287,LIN,4.006144329,2.995235222,2.3391777,7.207491606,7.078917837,6.376498711
288,LYV,-66.419547777,-157.716310274,11.865586344,7.81561034,6.384074696,4.225172023
289,LKQ.O,2.97254481,1.990415905,2.270463971,1.559938966,3.110036013,2.74984563
290,LMT,10.177267017,20.052016066,28.212938484,78.579766703,43.877983074,31.52249628
291,L,0.822674121,0.712773319,0.808773407,0.756449472,0.885420056,0.863700429
292,LOW,-112.510964467,29.63504051,37.418909683,13.80091954,13.450564263,9.408661918
293,LUMN.K,1.15709586,0.781507835,1.545707182,0.717917859,0.707425056,0.935811129
294,LYB,2.49001004532086,4.00027396527005,3.81327472299978,2.78386236595852,5.67201686277289,5.51046120854283
295,MTB,1.12747338,1.014265667,1.422731807,1.31162141,1.585034526,1.483346375
296,MRO,1.200016673,0.483777084,0.886446092,0.997751578,1.222123142,0.774842511
297,MPC,1.407417963,1.199187636,1.160783093,1.754814058,2.541225058,1.984680851
298,MKTX.O,14.819639201,24.134039783,20.619921174,13.73018331,14.827129175,12.227894319
299,MAR.O,58.626,186.819458503,59.072156325,15.975697074,11.022046099,5.527570621
300,MMC,9.026098675,6.904989722,7.383436624,5.388015934,5.90449392,5.233370496
301,MLM,4.324871065,3.07205972,3.296442948,2.182112105,3.207952991,3.383513755
302,MAS,-135.7029365,101.484148941,-95.342370629,246.18455552,-86.083710698,-104.700918355
303,MA,52.748154558,61.460683229,60.936734694,33.81206976,24.907077929,18.130865858
304,MTCH.O,-536.490006728,-27.636584248,25.4060910301921,4.59076161313381,3.60180527513559,1.62895584774899
305,MKC,5.887507664,6.485640908,6.503627452,5.910649564,5.294275019,6.695314911
306,MCD,-35.295489692,-18.871774176,-17.30627163,-20.152623885,-39.456540142,-62.235261376
307,MCK,-66.604570928,4.754010187,3.841036717,2.30984881,2.911029346,3.359265531
308,MDT,2.675962188,3.142043507,3.00655678,2.468370594,2.123657992,1.948793685
309,MRK,5.407073338,6.760683558,8.242834733,5.974735848,3.824644436,3.543875688
310,META.O,7.04428276844275,6.6125829220879,6.23180565750967,4.68772958104442,7.20133636668607,6.12721241799329
311,MET,0.764298239,0.579908852,0.685585401,0.784728436,0.939886651,0.67416325
312,MTD,245.091706456,61.205605791,44.08042203,26.645162509,30.891666954,21.939626414
313,MGM,3.086609999,2.265538562,2.821180611,1.905228403,2.993058934,2.667625639
314,MCHP.O,8.470598486,6.602827205,4.663665344,3.285773744,5.795197354,5.498475149
315,MU.O,2.372586666,2.145741615,1.632554521,1.049266291,2.106564858,1.887152318
316,MSFT.O,16.619268578,13.634472899,11.350843383,9.073919062,7.366323469,6.873440573
317,MAA,4.461279324,2.448415722,2.494271131,1.752338019,1.805755037,2.467347829
318,MRNA.O,10.160203477,14.967205315,5.195367894,4.602018039,,
319,MHK,1.416774416,1.229741558,1.262857853,1.153586911,3.02101887,2.613683056
320,MOH,7.326703733,5.7010995,4.668743856,4.616040999,3.058614416,1.828988764
321,TAP,0.757283341,0.724701429,0.88574804,0.874151802,1.415566535,2.108162609
322,MDLZ.O,3.397553705,3.102955982,2.960249183,2.291202096,2.458693016,2.490685812
323,MPWR.O,19.556049541,18.058241729,10.52832776,8.079680217,9.225769906,8.002334217
324,MNST.O,8.137367765,10.545724662,8.362887545,6.99060646,9.472268148,7.45371931
325,MCO,29.880136694,36.418274058,94.818740848,67.065436009,-76.416861171,-31.925010608
326,MS,1.667383291,1.222186809,1.007474588,0.869441621,1.204138214,1.027631045
327,MOS,1.430022374,1.022274181,0.814244443,1.078338696,0.890622493,1.044256862
328,MSI,-174.693802281,-38.106037037,-25.027193461,-13.330290574,-17.632626506,-20.892305007
329,MSCI.K,-180.392017674,-95.918325407,-147.912278194,34.513476716,31.631042047,13.523261735
330,NDAQ.O,5.53433950636837,3.62207672547255,3.2951397442716,2.38726243091502,2.23183871226966,1.92704830661722
331,NTAP.O,27.027364954,39.743999999,26.595615672,9.906,5.318847677,3.490326282
332,NFLX.O,17.424668037,23.118585934,20.666744381,23.299520166,24.964849836,21.007855968
333,NWL.O,2.291180271,2.417576221,1.966315255,1.447918843,1.189226819,1.884902688
334,NEM,2.179110602,2.124864746,1.662248747,1.706778007,1.752910933,1.58914645
335,NWSA.O,1.610494062,1.38929361,0.954332194,0.716753162,0.863834236,0.57678567
336,NWS.O,1.610494062,1.38929361,0.954332194,0.716753162,0.863834236,0.57678567
337,NEE,4.99836608699555,4.055408051,3.236123743,2.425725797,2.780865975,2.333534948
338,NKE,18.394938995,24.002661535,17.178652174,13.101474644,8.537842908,6.969538841
339,NI,1.669075194,1.620055327,1.777679847,1.814511151,1.98094431,1.873641994
340,NDSN.O,6.87544130274831,6.636809265,5.932521845,4.774605495,7.312442395,7.540191087
341,NSC,5.216828262,4.039184568,3.321876172,2.63092774,3.257873558,2.545191826
342,NTRS.O,2.087467821,1.674086187,2.082108841,1.785560147,2.234790922,2.104813196
343,NOC,5.382483133,4.853496724,5.963241861,4.67382624,8.228273171,7.129620323
344,NLOK.O,-65.17396551,-25.844033612,1.502914746,1.159567363,2.841723129,2.227837065
345,NCLH.K,2.661754097,1.714629119,1.980922591,1.515724497,2.19687459,2.129491435
346,NRG,2.585849111,4.740297632,-6.375827129,-12.266270077,7.622878317,1.271311138
347,NUE,2.430537709,1.558819158,1.633159024,1.661010758,2.376511102,2.453168532
348,NVDA.O,30.921221111,21.080070432,12.84141252,8.594722955,18.460484887,10.806322314
349,NVR,6.879574976,5.197172664,5.939059312,5.207790712,7.939909933,4.868102412
350,NXPI.O,9.003699199,5.011233471,3.787691016,2.036524873,3.097698228,3.09789367
351,ORLY.O,-339.367348818,46.756503249,199.667046867,55.510815165,33.422295905,13.875012885
352,OXY,1.434647836,0.811796815,1.020332953,2.153649763,2.727174633,2.441386206
353,ODFL.O,12.052319427,7.222314266,5.210591799,3.864051428,5.192336049,3.950084707
354,OMC,4.749668423,5.081058037,7.361867619,6.891506068,6.655973688,8.638847753
355,ON.O,7.095949288,3.93153804,3.11012141,2.201358625,4.002660177,3.073604262
356,OKE,4.486156122,2.77505336,5.02620075,3.335881061,3.802538272,56.39776217
357,ORCL.K,-23.060876151,24.120863964,10.941188717,5.363888525,3.506140188,3.255341298
358,OGN,-4.771598747,,,,,
359,OTIS.K,-9.597129216,-7.272032803,,,,
360,PCAR.O,2.704415272,2.933777542,2.72261332,2.101692352,2.932159157,2.940053659
361,PKG,3.584582768,4.078700942,3.494728639,3.117133033,5.706508876,4.619590657
362,PARA.O,0.94830877,1.576817807,3.115350356,6.521479714,7.88243153,5.198567689
363,PH,4.8150077,5.37397256,4.336931605,3.235089027,4.812587477,4.018648151
364,PAYX.O,15.786011924,11.627749593,11.864833813,9.649562796,12.420303723,12.031143424
365,PAYC.K,29.175546144,41.195291659,32.14486496,19.615798405,29.693270793,20.099691079
366,PYPL.O,10.022314169,14.850532922,7.704397258,6.553623553,5.734269051,3.354060034
367,PNR,5.169353321,4.307184603,4.126041845,3.488250186,1.719441694,1.570824454
368,PEP.O,15.136147303,15.211666543,13.503526081,15.16602761,12.835363671,11.922605936
369,PKI,3.646398226,4.967845836,3.98520107,3.392026823,3.177540888,2.6744122
370,PFE,4.377339085,3.13448214,3.15716413,3.353772204,3.367766559,2.951346825
371,PCG,1.177161518,1.188143524,0.658281827,0.631618791,1.210068652,1.769045551
372,PM,-14.025385371,-10.662324656,-12.024353466,-8.854930424,-14.385473214,-11.68940506
373,PSX,1.75008245,1.549021666,1.991627227,1.703587046,2.275753699,1.964927599
374,PNW,1.313080454,1.540997856,1.819532778,1.782413502,1.84963406,1.788122506
375,PXD,1.914413374,1.606647031,2.114829772,1.884912484,2.767835903,2.931788354
376,PNC,1.507669173,1.185824762,1.418000202,1.147784011,1.480599293,1.248747019
377,POOL.O,23.025544025,25.372476934,20.936262097,16.143483002,24.707135663,16.001686132
378,PPG,6.546841928,6.41532984,6.015908882,4.924382765,5.036915985,4.972408854
379,PPL,1.567568369,1.58410605,2.177480689,1.730387648,1.991930074,2.318704301
380,PFG.O,1.197646213,0.870106192,1.032815012,1.070577396,1.696889067,1.54209716
381,PG,8.58482995,7.160607257,6.687215398,4.384146062,4.279565179,3.850287323
382,PGR,3.235797307,3.201387058,2.996409763,2.966440365,3.52613861,2.547148134
383,PLD,3.82919991,2.294446533,2.500912459,1.677917693,2.208253678,1.885561614
384,PRU,0.662770011,0.466215207,0.593951132,0.723244479,0.969484207,0.796072295
385,PEG,2.390498259,1.855468553,1.994050251,1.826951738,1.981674794,1.644360344
386,PTC.O,6.963218186,9.657382628,7.158735797,11.183109895,7.915632988,6.312785089
387,PSA,6.98746097763502,4.59182163177672,4.06729744608608,3.80626477427498,3.90490124392784,4.10464953444379
388,PHM,2.040655649,1.853181199,2.029043352,1.550245392,2.249293627,1.307339359
389,QRVO.O,3.653954032,4.305087662,3.168883046,1.639425514,1.726413089,1.345647184
390,PWR,3.444519157,2.408385955,1.482683033,1.174818775,1.628314721,1.609187841
391,QCOM.O,20.676256282,28.352236301,20.579211652,85.964423789,3.069195342,3.028359242
392,DGX,3.329197434,2.513742188,2.572105263,2.129907843,2.794042553,2.739459575
393,RL,3.059935029,2.980776699,3.001308347,2.405699018,2.401982277,2.063453029
394,RJF,2.505297456,1.836419068,1.873767666,1.701696368,2.30533887,1.994231267
395,RTX,1.806426941,1.588256803,1.884281253,1.566827957,2.010860287,1.824020542
396,O,2.16999711,2.015883276,2.500481246,2.34720018,2.115594492,2.130939258
397,REG.O,2.119130524,1.277265854,1.683615983,1.523351721,1.780473855,2.797256038
398,REGN.O,3.971309385,5.087265911,3.922004485,5.136612592,6.672480144,8.619847012
399,RF,1.118496601,0.864563949,0.99814979,0.956100249,1.210847707,1.022393299
400,RSG,4.991301996,3.664418585,3.589020498,2.954000959,2.955734359,2.545114672
401,RMD,12.542710307,11.498056959,10.52304102,8.538747119,5.878582959,4.931888213
402,RHI,9.425414119,5.97470321,6.594083889,6.202993251,6.107791032,5.741988234
403,ROK,16.934466019,28.355829928,58.013159328,11.266230603,9.465137408,8.678156877
404,ROL,15.280085841,20.54710776,13.398618738,15.991698321,15.470553376,12.68551826
405,ROP,4.574363481,4.449352486,4.30044965,3.648809401,4.104640083,3.250862246
406,ROST.O,10.147614433,14.499822854,12.768266264,9.68636546,10.728358461,9.758100089
407,RCL,3.029501258,1.925436965,2.336554281,1.802409526,2.446925799,2.002619387
408,SPGI.K,61.64505691,178.942167422,192.871156073,47.113752486,51.486293207,61.916969696
409,CRM,4.382934062,5.045706276,4.330029148,7.13142653,8.363080152,7.007908126
410,SBAC.O,-8.589610683,-7.008164142,-7.621794216,-5.880595571,-8.755085016,-7.689893018
411,SLB,3.143904062,2.544846756,2.327288448,1.367826349,2.358556339,2.764939385
412,STX.O,42.203883905,8.793359776,8.828342754,5.981387913,9.744511071,7.478899561
413,SEE,78.919347279,289.986500042,-20.238196678,-12.267590022,11.692662359,15.854853395
414,SRE,1.717153089,1.578375774,2.291703863,1.781815231,2.020091833,2.03461103
415,NOW,36.550550212,40.164659597,37.248378948,31.293684068,40.84081515,34.044587697
416,SHW,34.321953685,15.86062976,13.390130118,9.267933181,13.98939972,15.626809778
417,SBNY.O,2.558156144,1.455736384,1.562696748,1.34355056,1.919079016,2.303046255
418,SPG,15.542320914,14.885294039,17.104098882,15.356367128,14.487138726,12.061053437
419,SWKS.O,4.84126069,6.07966188,4.987916454,2.901964364,4.276101286,3.898072514
420,SJM,1.776144155,1.549026424,1.4676705,1.324926775,2.005836022,2.076674616
421,SNA,2.859033401,2.56355141,2.81220459,2.579213388,3.400733309,3.721214958
422,SEDG.O,11.863453013,15.834002819,6.310168981,2.979497739,4.356426286,1.851652033
423,SO,2.507983213,2.270292003,2.402688648,1.741045197,1.937941073,1.907732769
424,LUV,2.473936482,2.816319766,2.860576528,2.574215533,4.413320721,3.955778565
425,SWK,2.679417414,2.642472652,3.03509532,2.6208624,3.229645243,2.925821629
426,SBUX.O,-25.938622867,-16.081745782,-16.711599756,72.087250958,15.085372378,13.780924541
427,STT,1.244911504,1.004641075,1.140965617,0.974805661,1.609003856,1.352890461
428,STE,3.721031395,4.430444784,4.003124118,2.895666278,2.457335317,1.918858361
429,SYK,7.114601777,7.091001334,6.382018822,5.945689655,5.554931415,4.801643806
430,SIVB.O,2.783035947,2.577325283,2.197127592,2.053722899,3.035905265,2.487264108
431,SYF,1.821649584,1.674727435,1.556758218,1.20469735,2.098012093,2.141448665
432,SNPS.O,10.651914577,8.06224438,5.125155173,3.614123097,3.914963213,2.790039153
433,SYY,24.051437741,29.081062694,17.801961609,12.352344795,14.173119351,10.257234092
434,TMUS.O,2.117045719,2.593946763,2.415931457,2.21578711,2.60580913,2.654392234
435,TROW.O,5.384019908,4.734207766,4.117021102,3.413803242,4.527419066,3.753765989
436,TTWO.O,5.901175905,8.231150615,6.351956583,6.02486566,8.464441603,7.389528908
437,TPR,3.544444444,3.407609185,2.410516376,2.955266497,4.275566667,3.597619938
438,TRGP.K,4.075584555,1.960911262,1.700728955,1.30689274,1.682501681,1.768070631
439,TGT,8.063520003,6.637002214,5.62677809,3.11249662,3.186705947,3.678234216
440,TEL,4.961864379,4.266514284,3.038309706,2.407579765,3.428044456,2.900871421
441,TDY,2.748242861,4.776263346,4.915508828,3.369497255,3.463508049,2.781479697
442,TFX,4.206630828,5.921607001,6.106348865,4.738196002,4.533446968,3.271314061
443,TER.O,10.539566158,9.985681415,7.74926607,3.448702943,3.90364533,2.873916025
444,TSLA.O,39.2199264058615,41.7304710106699,12.4669002803846,12.664387671827,11.1032125158099,11.9442401313956
445,TXN.O,14.322774005,18.0915887588306,13.3526993411479,8.67055562472583,9.37523700323561,7.10207135001692
446,TXT,2.826502104,1.926044365,1.867072817,2.015263049,2.562112736,2.321307209
447,TMO,6.792163461,5.80081086,4.437745559,3.350411606,3.082406908,2.573483972
448,TJX,14.068494416,14.728704467,13.255024368,10.495006915,10.406786266,11.311649076
449,TSCO.O,13.454150804,8.73044677,7.42097328,6.814494244,6.859781895,6.854026435
450,TT,8.174678383,5.471971351,3.413649354,2.378471193,2.55784379,2.222160295
451,TDG,-11.7126804900681,-8.24334285992007,-10.0558082423057,-8.61012781452203,-4.19624064382873,-16.2891306926041
452,TRV,1.351470815,1.276732414,1.380356738,1.412367542,1.564505519,1.423115594
453,TRMB.O,5.637768561,4.98682209,3.726488804,3.120261667,4.002821505,3.25166171
454,TFC,1.13436718550832,0.924832836,1.338902555,1.11470744,1.314747886,1.268715797
455,TYL,10.009886635,9.271351387,7.695115556,5.091702881,6.168716785,5.925182767
456,TSN,1.795034701,1.541929986,2.388576344,1.526548465,2.830258989,2.317493755
457,USB,1.549648067,1.335161516,1.740625554,1.472427546,1.832920456,1.833729223
458,UDR,5.972233658,3.416250916,4.21390111,4.100496861,3.623144172,3.335127948
459,ULTA.O,11.242428931,8.723023279,7.85024038,7.930569123,8.452586484,10.940717644
460,UNP,11.665267555,8.172302071,6.97927733,4.938102608,5.530615486,4.217936247
461,UAL.O,2.610247355,1.79713508,1.976973213,2.40927712,2.226021603,2.745463352
462,UPS,15.463595881,26.00683834,18.062370637,27.042695287,68.063154407,36.485862194
463,URI,4.387281898,4.02023314,3.461080157,2.507496314,6.57563292,5.809797104
464,UNH,6.73063946,5.101796998,5.062169249,4.792110378,4.716008212,4.046480399
465,UHS,1.66108329,1.959647127,2.331425348,2.010394202,2.211261955,2.346826114
466,VLO,1.75707149,1.200023562,1.822728181,1.453022894,1.976118377,1.521939806
467,VTR,1.796757006,1.755352102,1.973953677,1.971021983,1.960289985,2.067625184
468,VRSN.O,-19.925429895,-17.836849395,-15.620292454,-12.823143956,-9.198927588,-6.837424588
469,VRSK.O,13.601705335,13.953485114,11.842670684,8.392931834,9.442549324,9.261171149
470,VZ,2.792208559,3.736234524,4.309790236,4.262811064,8.042491197,10.635910081
471,VRTX.O,5.903321936,7.560057451,10.722243896,14.575215623,21.142098766,17.886902287
472,VFC,7.991633754,11.308725045,8.552974035,6.380790771,6.978691866,4.263132697
473,VTRS.O,0.773977822,0.77205589,0.905005735,1.170857667,1.70731552,1.725925992
474,VICI.K,1.571565351,1.472782356,1.474121907,1.135386783,,
475,V,12.1911176107377,12.833766799,11.699521664,8.5885001717429,7.89225139562362,5.5390264863744
476,VNO,1.274766173,1.104013238,1.793839876,2.618712172,3.154266593,2.451511355
477,VMC,4.286690978,3.313611058,3.438515824,2.535285842,3.62442397,3.676416883
478,WAB,1.694085422,1.390645809,1.537934712,2.344124261,2.876417576,4.281350236
479,WBA.O,1.927404631,1.672655702,2.245419038,2.517301694,2.707053064,2.999597396
480,WMT,4.885490191,5.011465535,4.708883027,3.767609312,3.849103684,2.739249096
481,WBD.O,1.025858238,1.479591553,1.812773692,1.59426072,1.481602787,2.075238278
482,WM,9.733959626,6.965160068,7.1241423,6.092300473,7.099648869,5.848487166
483,WAT,77.198935716,-369.062265915,131.728026405,7.613632948,5.843400554,4.792351421
484,WEC,2.799114155,2.769694001,2.885772352,2.228635816,2.272313694,2.074777194
485,WFC,1.014517789,0.688399262,1.18817939,1.092420453,1.451830207,1.363686456
486,WELL.K,2.213899788,1.674103714,2.173636611,1.822011766,1.603313417,1.640117923
487,WST,15.780611633,12.180236779,7.478098951,5.373592987,5.566999013,5.436011556
488,WDC.O,1.785081419,1.758412698,1.977217228,0.939281758,1.945546894,1.797285383
489,WRK,1.007292015,1.066281489,0.947925689,0.834582454,1.55542132,1.309850136
490,WY,2.871895152,2.793895796,2.490916105,1.7213343,2.794475472,2.331157118
491,WHR,2.883614021,3.319602492,3.069481506,2.898169492,2.555151515,2.724370504
492,WMB,2.823054117,2.015801906,2.110611556,1.709192825,3.105776298,4.805555556
493,WTW.O,2.596869248,2.581732828,2.625189771,1.962972977,2.010202016,1.558048785
494,GWW,14.613985064,10.283815832,9.746019749,8.206956941,7.616577928,6.772869212
495,WYNN.O,-184.748225956,-94.568359786,7.770383116,5.958245335,52.656858655,-65.684608161
496,XEL.O,2.402852212,2.542784315,2.533531852,2.078934588,2.135472251,1.881487813
497,XYL,6.990486906,6.39427241,4.91686729,4.578873519,4.973089728,3.989172878
498,YUM,-5.197306174,-4.140058088,-3.769444239,-3.857731295,-4.51981539,-12.559113924
499,ZBRA.O,11.298246614,10.60807723,8.14982074,7.062649932,6.782803349,6.05549067
500,ZBH,2.025853404,2.610173368,2.471114265,1.680203993,2.267402617,2.056678678
501,ZION.O,1.271730744,0.929127668,1.178021862,1.036537146,1.307996516,1.142512861
502,ZTS,24.688495803,21.835833375,23.561353736,19.425430052,17.668887521,16.691929939
