,Instrument,CSR Sustainability Reporting,ESG Reporting Scope,ESG Combined Score,ESG Score,Environmental Pillar Score,Social Pillar Score,Governance Pillar Score,ESG Controversies Score
0,MMM,True,100.0,88.2281958855095,88.2281958855095,85.3019217091225,92.1952890681559,86.0625185524586,100.0
1,AOS,,,,,,,,
2,ABT,True,100.0,49.8083712857387,77.1167425714775,52.4017165005537,88.0842207103306,74.2099085217524,22.5
3,ABBV.K,True,100.0,45.1739728675988,45.1739728675988,41.3510101010101,53.466946914487,35.5840899041369,100.0
4,ABMD.O,,,,,,,,
5,ACN,True,100.0,72.9108497320473,72.9108497320473,75.7840870317564,82.4196923214173,63.8607085346215,100.0
6,ATVI.O,False,,40.6405064679981,40.6405064679981,9.45017182130584,28.1412767176255,60.7608324803821,100.0
7,ADM,True,100.0,48.5537443163075,57.7135492386756,49.1708914087946,54.2047534240962,73.1728922867345,39.3939393939393
8,ADBE.O,True,100.0,65.2901296659307,74.0585202014266,81.7795538739002,70.6340073401021,74.6910961747139,56.5217391304347
9,ADP.O,True,100.0,41.5504649307254,41.5504649307254,29.0742822500061,42.8528323016144,44.1718367211201,100.0
10,AAP,False,,45.548332386539,45.548332386539,6.92161339421614,38.2483966650633,73.2002729443876,100.0
11,AES,True,100.0,46.2552562991701,46.2552562991701,31.5596195743254,39.4483931369177,80.0867608423339,85.4166666666666
12,AFL,True,100.0,59.6822126913647,59.6822126913647,51.4209584270275,71.5400257690597,54.977687781674,100.0
13,A,True,100.0,76.9378832027809,76.9378832027809,73.9410299003322,91.2661134444622,59.4709115923767,100.0
14,APD,True,100.0,75.5096895020603,75.5096895020603,74.028574369104,72.6744502094606,82.9304817049663,86.6666666666666
15,AKAM.O,False,,42.6257232558361,42.6257232558361,38.5268912529551,40.9932497589199,45.2611139234893,73.9130434782608
16,ALK,,,,,,,,
17,ALB,True,100.0,67.3304422080686,67.3304422080686,60.3841799828163,65.5343123045262,82.6456144759061,100.0
18,ARE,False,,27.3091103981288,27.3091103981288,14.7118374758824,22.6248192767285,46.4039576936199,100.0
19,ALGN.O,,,,,,,,
20,ALLE.K,False,,40.6132779198636,40.6132779198636,3.46020761245674,30.9691011235955,71.2037037037037,100.0
21,LNT.O,True,100.0,39.4372858502974,39.4372858502974,32.5898692810457,34.3042658616429,57.7508200032763,100.0
22,ALL,True,78.0,68.7685834838771,81.2871669677543,92.2405296255467,73.0574279412472,87.9458348267677,56.25
23,GOOGL.O,False,,22.8771694988217,43.5804259541652,68.8478680753576,38.2380315426012,40.6005885055432,2.17391304347826
24,GOOG.O,False,,22.8771694988217,43.5804259541652,68.8478680753576,38.2380315426012,40.6005885055432,2.17391304347826
25,MO,True,100.0,70.9820547623751,84.3883519489927,88.0663536913537,86.2711624952929,77.0894718107322,57.5757575757575
26,AMZN.O,False,,42.6227693693077,45.9598244529011,23.3293190000506,35.6460109710724,76.3527806209485,39.2857142857142
27,AMCR.K,True,100.0,68.8675991897811,68.8675991897811,63.2523542376277,64.2050817745757,85.3780181810703,83.3333333333333
28,AMD.O,True,15.116,65.9292495382716,65.9292495382716,66.9895987597186,66.6041905478301,63.5431778067637,100.0
29,AEE,True,100.0,45.8285649021966,45.8285649021966,45.8112494678586,44.5431535685645,47.7021555955447,100.0
30,AAL.O,True,100.0,43.5986272457284,43.7189936218916,40.1616161616161,52.4365465373923,34.7979337025965,43.4782608695652
31,AEP.O,True,100.0,58.7253793581503,58.7253793581503,56.1536366683425,60.5939243917386,60.6682333871585,100.0
32,AXP,False,,34.2995806545821,49.4633588400285,55.3724020891037,50.1679054167931,57.6596127293576,19.1358024691358
33,AIG,False,,27.0103925019991,46.2082850039983,24.0789730892031,37.2696697035426,70.388945752303,7.8125
34,AMT,True,100.0,44.1814300325309,44.1814300325309,24.7469234884965,60.222196995855,51.7945231294503,100.0
35,AWK,False,100.0,70.6857986072461,70.6857986072461,60.5614973262032,75.5003291639236,82.0929267250245,100.0
36,AMP,False,,45.1699252656993,45.1699252656993,41.6296296296296,64.7698568181369,38.6113954281815,81.8181818181818
37,ABC,False,,42.2285718925933,42.2285718925933,0.0,32.2165705067651,75.1177072671443,95.0
38,AME,False,,29.7394410691723,29.7394410691723,18.2265380334912,34.0928276896227,37.8471511429546,100.0
39,AMGN.O,True,94.0,48.2224735358139,66.7152173418982,63.2862718089991,62.2754540127092,75.8647570413124,29.7297297297297
40,APH,False,,22.2528751987305,22.2528751987305,0.0,29.7304935208161,43.0808597748208,100.0
41,ADI.O,True,100.0,79.8725366139632,79.8725366139632,78.9234247089555,75.5650556054038,88.1188145640957,100.0
42,ANSS.O,False,,52.9524271821541,52.9524271821541,28.125,46.0838647463215,66.3152507676561,100.0
43,AON,True,100.0,58.5727559028568,58.5727559028568,42.948598609314,66.0879773639911,61.3888888888889,82.8125
44,APA.O,True,100.0,31.9454842337935,31.9454842337935,45.8970324547247,27.5917029212173,19.2474568505222,100.0
45,AAPL.O,True,100.0,31.9356226384315,60.2998167054344,46.8205128205128,56.6231715518484,78.0892538000977,3.57142857142857
46,AMAT.O,True,100.0,61.1572696845408,61.1572696845408,76.5940276749352,50.1451001308035,60.8032398597341,100.0
47,APTV.K,True,100.0,33.7303402345351,33.7303402345351,34.8498601767254,32.1495732496003,34.8590982286634,100.0
48,ACGL.O,False,,28.6133844069098,28.6133844069098,19.1275167785234,28.4572523005211,38.3333333333333,100.0
49,ANET.K,,,,,,,,
50,AJG,True,100.0,50.0275571918528,50.0275571918528,21.870730568894,53.6314132839532,61.5845062182299,100.0
51,AIZ,False,,41.3642407919858,49.9159815839716,26.3724147377071,42.6644508701358,72.5997952917093,32.8125
52,T,True,100.0,34.9011535394032,66.5414375135891,79.6837944664031,58.6295223852617,72.3334158571328,3.26086956521739
53,ATO,False,,32.2793993214748,32.2793993214748,2.44186046511627,32.63795121073,74.4967587853975,100.0
54,ADSK.O,True,100.0,75.2067044634938,75.2067044634938,76.2154681825936,59.6582456416309,88.2930259999236,100.0
55,AZO,False,,53.8307835164243,53.8307835164243,29.85485975212,66.3910934744268,51.8628454452405,94.4444444444444
56,AVB,True,100.0,74.4989175778949,74.4989175778949,64.6995476433678,85.6368370129668,75.4742470319145,100.0
57,AVY,True,100.0,67.4915832257488,67.4915832257488,64.2461430575034,68.9913505808017,69.9266523543301,100.0
58,BKR.O,True,100.0,84.2231124766321,84.2231124766321,86.3907967032967,90.3811505289786,72.9360489821859,100.0
59,BALL.K,True,100.0,74.5488118310132,74.5488118310132,79.2771989581246,76.4730018685827,64.0381851168943,100.0
60,BAC,True,100.0,34.5134341906152,68.4095844306132,90.263939839464,61.3149711800991,71.0028119676753,0.617283950617283
61,BBWI.K,False,,51.0804002776212,51.0804002776212,61.4350945857794,71.1833012666346,23.7940378402413,100.0
62,BAX,True,100.0,84.0662530388241,84.0662530388241,76.4465669988925,85.9175606181085,85.1845515447346,100.0
63,BDX,True,100.0,57.8756810527666,73.2513621055333,70.7433554817275,86.1806076032412,57.3982586246608,42.5
64,WRB,False,,20.9239518416288,20.9239518416288,19.1275167785234,30.0892695187997,17.2057318321392,100.0
65,BRKb,False,,14.6093429268723,14.6093429268723,0.0,17.9823404695418,30.5458887751621,26.9230769230769
66,BBY,True,99.0,41.6765590564415,69.4642292239941,79.9119373776908,68.4755090588423,65.4364708389221,13.8888888888888
67,BIO,False,,11.7330930928462,11.7330930928462,0.0,19.1150866892412,7.48891163425452,100.0
68,TECH.O,False,,18.5711288714354,18.5711288714354,0.0,39.6198711150991,11.7741385192767,100.0
69,BIIB.O,True,100.0,61.9719066143094,61.9719066143094,63.9520202020202,58.3178317239181,65.9806352361843,100.0
70,BLK,False,,38.8491131725688,38.8491131725688,17.5555555555555,44.6496744725091,45.6055953599454,81.8181818181818
71,BK,True,100.0,40.0595467627405,59.6645480709355,86.7469135802469,72.7815969213477,45.7298860555717,20.4545454545454
72,BA,True,100.0,34.9726390415582,58.8341669720054,86.7606081094925,53.4203626241811,45.6934893648993,11.1111111111111
73,BKNG.O,False,,17.8578159277253,17.8578159277253,0.0,24.267094017094,24.3159331286251,47.8260869565217
74,BWA,False,,45.4936926910163,45.4936926910163,37.2705542541071,50.6703918947585,48.1769384163067,100.0
75,BXP,True,100.0,39.6659093782011,39.6659093782011,47.1106247061303,55.3692746000438,16.2366930373315,100.0
76,BSX,True,100.0,47.2126302654774,51.9252605309548,42.047342192691,51.6029879812233,56.9592812792913,42.5
77,BMY,True,100.0,61.4584843563212,72.9169687126424,80.2064618517187,77.6805535646115,60.4524274929885,50.0
78,AVGO.O,False,,32.6895043406554,32.6895043406554,31.9684646118721,35.6389272912973,28.6882041466361,100.0
79,BR,False,,35.6044114127418,35.6044114127418,33.3333333333333,32.8985507246376,40.6516547253497,100.0
80,BRO,False,,43.4777137399977,43.4777137399977,19.1275167785234,44.2587943938685,57.0590242238144,100.0
81,BFb,True,100.0,61.3512635896816,61.3512635896816,55.5214079327554,76.9197977365121,39.7182859190995,100.0
82,CHRW.O,False,,24.0165504762966,24.0165504762966,1.49830813932105,39.4073783359497,31.0303650631184,100.0
83,CDNS.O,False,,38.6496244429553,38.6496244429553,0.0,32.6972345786543,55.3701808256568,100.0
84,CZR.O,,,,,,,,
85,CPT,False,,42.5087055162763,42.5087055162763,33.6602947614183,40.9752671235792,54.2715796656431,100.0
86,CPB,True,100.0,84.4568105829319,84.4568105829319,88.7744402865371,83.1530001069631,81.9601126757787,100.0
87,COF,False,,32.1101062689961,45.0844100688563,40.3740787684769,58.2584244639305,34.9165216341683,19.1358024691358
88,CAH,False,,46.2570472473015,46.2570472473015,49.3524495200264,45.7809575221363,53.7360371578803,100.0
89,KMX,False,,58.7953148433014,58.7953148433014,4.16666666666666,65.9183501683501,78.1951552371204,100.0
90,CCL,True,100.0,57.8139073939842,67.8017278314466,80.5302370703214,77.5764143264143,41.6840397740079,47.8260869565217
91,CARR.K,,,,,,,,
92,CTLT.K,,,,,,,,
93,CAT,True,100.0,64.4662241745079,74.7657816823492,83.6136669513678,70.6656409867483,69.5240593826481,54.1666666666666
94,CBOE.K,False,,25.3073750775929,25.3073750775929,17.5555555555555,40.9266275926035,19.7099965881951,36.3636363636363
95,CBRE.K,True,100.0,84.2707336000365,84.2707336000365,78.5790704002374,82.0061075875029,92.2637633069626,100.0
96,CDW.O,,,,,,,,
97,CE,True,100.0,44.7846733241089,44.7846733241089,37.3188655304396,42.117745140427,62.4932287374967,100.0
98,CNC,,,,,,,,
99,CNP,True,100.0,38.1418413582801,38.1418413582801,12.1977437207322,36.4913291900561,87.2069512136541,45.0
100,CDAY.K,,,,,,,,
101,CF,True,100.0,30.3276683027659,30.3276683027659,19.8823584677723,26.3061586347428,55.5952737265161,66.6666666666666
102,CRL,False,,39.7927384626716,39.7927384626716,0.0,68.6556815400929,40.0238826339133,100.0
103,SCHW.K,False,,45.1805278368379,45.1805278368379,34.2654320987654,74.0154565009517,29.3722279085636,56.8181818181818
104,CHTR.O,,,9.53053515088568,9.53053515088568,0.0,12.8393351800553,10.201296485841,100.0
105,CVX,True,47.23,37.0345996735432,72.8191993470864,84.6625376048453,63.8132071986663,71.5096559003901,1.25
106,CMG,False,,30.8658096934017,30.8658096934017,6.02996003839885,55.3425925925925,16.502900034118,100.0
107,CB,True,100.0,39.5553342117086,39.5553342117086,57.9695958659739,31.7142293158874,54.372311827957,100.0
108,CHD,True,100.0,52.8673712318949,52.8673712318949,33.8648148148148,59.7904430064708,58.4083991984106,100.0
109,CI,False,,32.2679233232246,60.9644180750207,78.5942028985507,56.2930700735578,57.755143265011,3.57142857142857
110,CINF.O,True,83.73,46.1075685248475,46.1075685248475,33.178438117933,28.5181473278591,77.3141089831467,100.0
111,CTAS.O,True,100.0,72.1765082248083,72.1765082248083,55.9767275331185,78.2703190937221,75.9910430885086,100.0
112,CSCO.O,True,100.0,53.7386019853841,82.4772039707682,64.1003460207612,94.2479570990807,81.2507898266631,25.0
113,C,True,100.0,41.3802174358454,79.6740151186044,93.8004259110881,72.6282148515185,80.6230177352267,3.08641975308641
114,CFG,,,,,,,,
115,CLX,True,100.0,63.6216420915738,63.6216420915738,60.6664021164021,53.158287705326,86.9222933733389,80.0
116,CME.O,True,100.0,47.5224494405002,47.5224494405002,24.7098765432098,57.7582332710803,50.9893371860862,81.8181818181818
117,CMS,True,100.0,29.2526960480566,43.5053920961133,28.6033950617283,28.3947545537862,91.9875672353418,15.0
118,KO,True,100.0,40.7368463337105,76.9282381219666,51.2788941423693,87.1194672536031,88.9669128831968,4.54545454545454
119,CTSH.O,True,100.0,66.7138241632666,66.7138241632666,71.1241957300577,83.650153099764,50.8066516645789,100.0
120,CL,True,100.0,74.3725990689474,74.3725990689474,57.6981481481481,73.8889995022399,91.9873824805669,80.0
121,CMCSA.O,True,100.0,35.0168826367073,36.7004319400813,29.4314903846153,52.7305126973309,23.1080679946839,33.3333333333333
122,CMA,True,100.0,62.6126245433244,62.6126245433244,45.3014002757047,62.676079482253,75.5485307684443,100.0
123,CAG,True,100.0,77.5383160807453,77.5383160807453,69.5179430058462,78.6113654877541,84.5067355432467,89.3939393939393
124,COP,True,100.0,63.0429986436588,81.0859972873176,86.1594893710278,72.3537939377656,89.2173048712444,45.0
125,ED,True,84.43,65.0554456934825,65.0554456934825,72.4323361823361,53.0121517826436,68.1710139465221,100.0
126,STZ,False,,32.8056941919709,32.8056941919709,38.0936432886787,30.0698495607359,31.4910695700263,50.0
127,CEG.O,,,,,,,,
128,COO,False,,24.1952846613266,24.1952846613266,0.0,17.0514031594704,44.8925281473899,100.0
129,CPRT.O,False,,26.3910880492614,26.3910880492614,0.0,35.2094356261022,29.7884680996247,100.0
130,GLW,False,,50.7018418925168,51.4036837850337,63.5203765638548,53.0651711542314,33.8520385226022,50.0
131,CTVA.K,,,,,,,,
132,CSGP.O,,,,,,,,
133,COST.O,True,100.0,65.2026650060889,69.6910442978921,70.9503828406267,65.3851206900837,73.395965202054,60.7142857142857
134,CTRA.K,False,,15.1468875758921,15.1468875758921,2.54168908015062,14.7876780691407,34.2751023233528,100.0
135,CCI,False,,31.1991811213666,31.1991811213666,0.0,44.4629700578787,55.1450017059024,100.0
136,CSX.O,True,100.0,68.5344041400981,68.5344041400981,67.4537496781786,66.7565846851561,72.1423547858261,100.0
137,CMI,True,100.0,74.6123443060656,74.6123443060656,77.161907554879,73.4975777244231,72.9442520941953,100.0
138,CVS,True,99.0,53.3342341285921,88.8113254000413,87.3188405797101,86.6502129307007,92.1509027734155,17.8571428571428
139,DHI,False,,30.1402847833432,30.1402847833432,8.252442002442,14.3277501131733,83.367451381781,100.0
140,DHR,True,100.0,45.3656278961163,45.3656278961163,37.6038205980066,58.1807819990325,32.114518399728,100.0
141,DRI,True,97.5,61.9325819723745,61.9325819723745,77.2788158864108,66.8444240944241,40.7532082666676,100.0
142,DVA,True,,42.1888308785156,59.3776617570313,58.4782608695652,55.0319396051103,65.0422287830695,25.0
143,DE,True,100.0,59.1948453775452,59.1948453775452,54.2609739368998,63.3996455394249,59.6025308940776,100.0
144,DAL,True,65.8,68.7193543514992,68.7193543514992,75.1364710939179,73.4869808135911,54.6415203100924,97.8260869565217
145,XRAY.O,True,100.0,28.5200848909101,28.5200848909101,18.8884274640088,37.8529179114858,20.7266282130395,100.0
146,DVN,False,,42.6530577829417,42.6530577829417,31.4820243858705,31.4415148792188,79.0311582769523,100.0
147,DXCM.O,,,,,,,,
148,FANG.O,,,,,,,,
149,DLR,False,,37.8234356605427,37.8234356605427,23.6098383514113,42.0365088599731,50.4503582395087,100.0
150,DFS,True,,51.5187904308498,51.5187904308498,27.1054152785744,59.6236980483365,56.216222208263,100.0
151,DISH.O,False,,14.4765363515709,14.4765363515709,9.23076923076923,14.6698023618264,15.970658478335,86.1111111111111
152,DIS,True,100.0,31.7983849896893,60.8189922016009,60.1983173076923,91.3056458650658,20.8851231760084,2.77777777777777
153,DG,False,,26.484567840818,26.484567840818,2.81425891181989,41.6720051209386,31.4738996929375,85.7142857142857
154,DLTR.O,True,100.0,33.8473366917464,33.8473366917464,19.6998123827392,36.3286474258582,43.5720734535717,100.0
155,D,True,100.0,64.8780476864227,64.8780476864227,71.808488352606,53.6050925395187,67.7511402448863,85.4166666666666
156,DPZ,,,,,,,,
157,DOV,False,,52.3251762648181,52.3251762648181,61.7427918834278,37.5240197675834,60.4299982633051,100.0
158,DOW,,,,,,,,
159,DTE,True,100.0,61.7226171952853,61.7226171952853,52.1143371878666,50.9690218706612,92.0363671299084,100.0
160,DUK,True,93.3,48.6578762356975,74.3990858047284,82.3133484162895,67.9849142963897,69.2832623259148,22.9166666666666
161,DD,,,,,,,,
162,DXC,True,100.0,44.96425847675,44.96425847675,60.1471296093197,59.9670769478181,27.4903034535594,73.9130434782608
163,EMN,True,100.0,60.5719568951609,60.5719568951609,75.9907670294803,54.2336338626572,44.071995240717,100.0
164,ETN,True,100.0,68.8972688646901,68.8972688646901,87.4943383285451,56.4361632401601,62.9186795491143,100.0
165,EBAY.O,True,100.0,40.6148065525887,40.6148065525887,46.2795660598084,49.3952403786614,31.3544495724158,89.1304347826086
166,ECL,True,100.0,62.9305425780843,62.9305425780843,48.5208094459085,78.8489814704396,61.4148274328816,86.6666666666666
167,EIX,False,,30.5885888066812,32.0105109466959,28.4340958605664,25.7948335817188,46.1707971675861,29.1666666666666
168,EW,False,,43.9106877069254,43.9106877069254,19.594407530454,40.677257750751,59.5156345649086,65.0
169,EA.O,False,,20.5646783626403,30.2597915078894,0.0,44.0672535539863,27.4479699761173,10.8695652173913
170,ELV,True,100.0,60.894500264062,60.894500264062,37.3333333333333,51.6095625241967,83.8170090172647,75.0
171,LLY,True,100.0,49.5582346706226,69.3867396115156,69.5889228250888,71.3454275259459,66.3113216494413,29.7297297297297
172,EMR,False,,38.4141648128863,38.4141648128863,43.8045138080078,51.8553432745853,14.3228675911795,100.0
173,ENPH.O,,,,,,,,
174,ETR,True,100.0,50.4348464402814,71.7030262138963,62.8190464219875,71.1759956295475,87.4909316197944,29.1666666666666
175,EOG,True,100.0,31.6096031663125,31.6096031663125,29.2920476958938,34.1772012960594,30.4298011915451,85.0
176,EPAM.K,,,,,,,,
177,EQT,True,100.0,42.866233860306,42.866233860306,41.1416980455442,31.8770470450839,64.992936209103,62.5
178,EFX,False,,28.9203002284385,32.840600456877,3.06122448979591,43.116283500115,40.5561241896963,25.0
179,EQIX.O,False,,36.8142142089409,36.8142142089409,38.5204209024433,46.6467851359937,25.5919481405663,100.0
180,EQR,False,,35.4552708076818,35.4552708076818,14.3581886278515,50.0310599646515,46.3834868645513,100.0
181,ESS,False,,27.5687895396008,27.5687895396008,0.0,25.8047605308258,61.3886045718185,100.0
182,EL,False,,48.4153908075624,48.4153908075624,59.5314814814814,62.0612244897959,10.7657346404117,80.0
183,ETSY.O,,,,,,,,
184,RE,False,,36.7782933234966,36.7782933234966,19.1275167785234,26.7698122238193,60.7142857142857,100.0
185,EVRG.K,False,,21.0221478537669,21.0221478537669,20.6156778950896,17.9133707822232,25.7545569765251,100.0
186,ES,True,100.0,56.7821966201835,56.7821966201835,53.5451231774761,51.3083405159907,69.4012344082366,100.0
187,EXC.O,True,100.0,62.2361093148647,68.2222186297295,67.8379001173118,64.8047307883373,73.3182942946493,56.25
188,EXPE.O,False,,12.5885078229815,12.5885078229815,2.88600288600288,18.9893162393162,11.7195496417604,19.5652173913043
189,EXPD.O,False,,32.060126577478,32.060126577478,22.7849497958733,47.8411826268969,22.6749658511591,100.0
190,EXR,,,,,,,,
191,XOM,True,100.0,48.3339677981377,80.4179355962755,82.5214322714322,84.3615768877104,70.2999801696541,16.25
192,FFIV.O,False,,40.2138349827563,40.2138349827563,28.6685676683483,60.1782436930351,26.4858410098942,100.0
193,FDS,False,,25.3558034445644,25.3558034445644,0.0,24.5308366402116,44.1589901057659,100.0
194,FAST.O,False,,33.1050667298345,33.1050667298345,6.97938504542277,35.5277888831467,61.2794268167861,100.0
195,FRT,False,,37.4713510634165,37.4713510634165,27.9469170030967,24.5519560682814,60.7130672125554,100.0
196,FDX,True,100.0,36.9262618527071,70.2810951339858,70.7988524771047,61.976713762428,80.4554821052683,3.57142857142857
197,FITB.O,True,100.0,29.3657640309774,43.91671324714,55.637584385037,41.9885430661293,50.3949687579675,14.8148148148148
198,FRC,False,,22.55342889952,22.55342889952,15.2471083070452,18.7735250165728,36.7826680313886,100.0
199,FE,True,100.0,30.6144981549854,50.8123296433041,51.3823948382771,28.6321601895372,78.6774391017469,10.4166666666666
200,FIS,False,,39.7819241460699,39.7819241460699,0.0,60.6666666666666,30.3343568747867,100.0
201,FISV.O,False,,15.1547791745261,15.1547791745261,0.0,16.3006275879917,24.2989849572662,100.0
202,FLT,False,,6.06804975977885,6.06804975977885,0.0,11.1586834311019,3.81098601160013,100.0
203,FMC,True,100.0,42.9686118526081,42.9686118526081,35.2089307296557,46.0297352188836,51.4904783547464,100.0
204,F,True,100.0,37.4680961907437,73.5076209529161,81.4522651603225,88.1283462960711,37.4486597272772,1.42857142857142
205,FTNT.O,False,,24.6045181179819,24.6045181179819,8.65191867124856,47.3362366628301,9.81576253838281,100.0
206,FTV,,,,,,,,
207,FBHS.K,False,,24.6933878284659,24.6933878284659,7.21153846153846,38.0663021903402,26.4688928385354,100.0
208,FOXA.O,,,,,,,,
209,FOX.L,,,,,,,,
210,BEN,False,,44.9615515977235,44.9615515977235,37.7469135802469,47.1362057613611,50.5562350425613,100.0
211,FCX,True,100.0,78.7912230560817,78.7912230560817,82.9428593349327,81.6404280722756,68.1710139465221,90.0
212,GRMN.K,False,,49.0773657289003,49.0773657289003,37.4567474048443,61.3342696629213,43.5416666666666,100.0
213,IT,False,,41.3199393108042,41.3199393108042,0.0,21.5852801194512,70.7096554077107,100.0
214,GNRC.K,,,,,,,,
215,GD,False,,40.1789157840094,40.1789157840094,33.6964984530907,35.4692097519966,51.3169566700785,100.0
216,GE,True,100.0,44.3431200138417,80.9939323353758,83.7895142382972,77.6767245837211,82.2934226068406,7.69230769230769
217,GIS,True,60.0,69.4441896278172,81.312621679877,84.8202845178651,85.0947517917531,70.9195121981261,57.5757575757575
218,GM,True,100.0,29.31165530735,54.3375963289857,66.0193366918848,41.1467941107776,60.4808058264265,4.28571428571428
219,GPC,False,,18.0369597009001,18.0369597009001,0.0,22.8077676291813,35.1518253155919,100.0
220,GILD.O,False,,50.2156910319515,50.2156910319515,0.0,65.9515458030834,77.611847461531,75.0
221,GL,False,,30.8379880983523,30.8379880983523,19.1275167785234,30.9329895571506,41.0064824292051,100.0
222,GPN,False,,24.0599983220468,24.0599983220468,0.0,9.87471603979755,59.0276356192426,100.0
223,GS,True,100.0,35.5730499188201,59.7824634740039,89.8209876543209,73.9429803257248,41.4464697673444,11.3636363636363
224,HAL,True,100.0,37.3681852832405,71.6113705664811,73.7328296703296,70.8351507199798,70.2402920603483,3.125
225,HIG,True,100.0,60.3667785998033,64.4835571996066,74.2401626057342,53.6291835798349,79.9164169397958,56.25
226,HAS.O,True,100.0,72.7083178692724,72.7083178692724,51.5151515151515,89.1071980228606,57.7940279866533,100.0
227,HCA,True,100.0,32.1187063876198,32.1187063876198,0.0,56.3317847464188,19.1223655508709,75.0
228,PEAK.K,True,100.0,75.409751136235,75.409751136235,64.7628451448676,83.0132107331886,80.6923377268018,100.0
229,HSIC.O,True,,44.1413949883939,44.1413949883939,39.0019379844961,33.2629452542545,60.86310040683,100.0
230,HSY,True,100.0,54.7959809529353,70.1980225119313,80.8130305106111,73.8022563529854,52.2941985768955,39.3939393939393
231,HES,True,100.0,70.7429715499206,70.7429715499206,89.2896668858207,76.0686574742554,34.0436784922039,100.0
232,HPE,,,,,,,,
233,HLT,,,,,,,,
234,HOLX.O,False,,30.9090005743045,30.9090005743045,0.415282392026577,15.4324288973826,65.5168884339816,100.0
235,HD,True,100.0,32.8151764282466,62.8525750787156,64.0237008045227,73.4105739939073,50.7634436812019,2.77777777777777
236,HON.O,True,,57.1469306859406,68.1400152180351,62.7412014962724,63.8053314717137,83.1141772192435,46.1538461538461
237,HRL,True,93.62,71.8885963970896,71.8885963970896,73.8789336571594,81.0341466873601,53.8977468539341,89.3939393939393
238,HST.O,True,100.0,69.4720921911787,69.4720921911787,64.8107722489745,59.2516125166927,84.5061935959068,100.0
239,HWM,True,100.0,49.7292928425025,71.6808079072273,74.8463335177331,94.698018228606,38.1583151349879,27.7777777777777
240,HPQ,True,100.0,49.1056885486405,73.2113770972811,57.8974358974359,83.7071313460885,67.2555663534457,25.0
241,HUM,True,100.0,59.8499547964456,59.8499547964456,78.5652173913043,66.8437862950058,42.0997257007441,92.8571428571428
242,HBAN.O,False,,41.323591103336,41.323591103336,16.9801466551278,44.5613873519881,52.6988484850724,51.2345679012345
243,HII,False,,39.9795749459528,39.9795749459528,3.53535353535353,44.0880058233117,61.1361310133061,100.0
244,IBM,True,100.0,67.616797245701,78.7118553609672,81.6723178816017,92.4472602566864,65.9960068334632,56.5217391304347
245,IEX,True,100.0,28.9876078376582,28.9876078376582,16.4026710148303,30.8551384327888,41.6409919114359,100.0
246,IDXX.O,False,,29.6811310590095,29.6811310590095,0.0,21.1671438329288,54.7424087342204,65.0
247,ITW,True,90.0,48.3709169261181,48.3709169261181,31.2031756276178,52.7276605646912,66.4584603522411,100.0
248,ILMN.O,False,,20.720058772206,20.720058772206,0.0,25.4675779538806,24.1385192766973,42.5
249,INCY.O,,,,,,,,
250,IR,,,,,,,,
251,INTC.O,True,100.0,65.3475785612343,85.6951571224686,90.9633970443045,95.3344336318666,63.4684629757589,45.0
252,ICE,False,,29.7160677503228,29.7160677503228,17.5555555555555,42.5226451956663,27.8164448993517,100.0
253,IP,True,100.0,64.6870839185781,64.6870839185781,63.0349629332798,55.5514245535628,82.7002033534223,83.3333333333333
254,IPG,False,,53.7002399815995,53.7002399815995,35.3521634615384,41.3067010277284,76.1344251108837,100.0
255,IFF,True,100.0,73.6816371232325,73.6816371232325,72.4901705748479,69.5334396086119,82.1594138100499,100.0
256,INTU.O,False,,64.3123550954214,64.3123550954214,59.3905941544198,56.4205737805999,71.8731917126398,100.0
257,ISRG.O,False,,29.9897902293157,29.9897902293157,0.0,27.2612386668687,47.5776185602183,82.5
258,IVZ,False,,37.9330268714087,37.9330268714087,26.5493827160493,46.6388995035907,39.2631610063962,100.0
259,INVH.K,,,,,,,,
260,IQV,,,,,,,,
261,IRM,True,44.0,56.1443932133003,56.1443932133003,61.8423399322276,72.2097667034025,34.4131880421782,100.0
262,JBHT.O,False,,42.5966865046442,42.5966865046442,21.6493802640773,36.3888888888888,75.8035908938066,64.2857142857142
263,JKHY.O,,,,,,,,
264,J,True,100.0,61.6457856262221,61.6457856262221,61.0347985347985,67.9892562751453,53.7612746601436,65.9090909090909
265,JNJ,True,100.0,46.9623964028582,89.8707387516624,93.934652852637,92.6311200249894,82.7652986191428,4.05405405405405
266,JCI,True,100.0,79.5148491828179,79.8630316989693,96.6379377280844,94.8615366267062,40.0684380032205,79.1666666666666
267,JPM,True,100.0,36.6140646004946,71.3762773491373,75.8326021545961,76.9554856526491,67.1901385291303,1.85185185185185
268,JNPR.K,False,,47.9925238644169,47.9925238644169,50.6055363321799,66.7377425944842,27.9748782773957,75.0
269,K,True,100.0,70.9351658330736,70.9351658330736,81.1457495933302,74.8841831226274,52.8804993798398,74.2424242424242
270,KDP.O,True,100.0,55.3216504097249,60.6433008194499,54.8230233779879,56.3884642258322,75.4518054852461,50.0
271,KEY,True,100.0,62.4820017900658,62.4820017900658,74.5338661864172,53.6010129099673,75.1805854755649,87.037037037037
272,KEYS.K,,,,,,,,
273,KMB,True,51.04,69.3039794315359,69.3039794315359,63.0494708994709,74.184668989547,66.0682582674682,100.0
274,KIM,True,100.0,46.7942291989373,46.7942291989373,37.7517388978063,60.4776139640556,44.4966232985624,100.0
275,KMI,False,,18.7241850984333,18.7241850984333,11.9560439560439,25.3294447804739,17.2262026612077,100.0
276,KLAC.O,True,100.0,59.5975993770289,59.5975993770289,60.2736447920523,58.9912821184266,59.7867683556948,100.0
277,KHC.O,,,,,,,,
278,KR,True,100.0,70.8445240516919,70.8445240516919,54.6614669535473,78.7012645358642,71.2638335137771,83.3333333333333
279,LHX,False,,33.8305148394802,33.8305148394802,23.0095068330362,21.9143752755308,57.9189098975596,100.0
280,LH,False,,49.4004104116361,49.4004104116361,0.0,52.4138598528842,70.4844762879563,100.0
281,LRCX.O,True,100.0,49.2647448641591,49.2647448641591,45.3632849459048,63.3590479711333,30.6908966395569,100.0
282,LW,,,,,,,,
283,LVS,True,100.0,39.0046582759219,54.0962730735829,73.3618077499934,33.8316035816035,67.1542961027827,23.9130434782608
284,LDOS.K,True,100.0,67.4311130832745,67.4311130832745,70.7366838487972,78.3977929217844,56.9959119926787,73.9130434782608
285,LEN,False,,14.7783536189286,14.7783536189286,5.44871794871795,21.7066545948393,16.0525417946093,100.0
286,LNC,True,100.0,48.2781640890569,48.2781640890569,68.9592794177682,48.7777933593172,48.5942501850627,56.25
287,LIN,True,100.0,66.5109138244691,66.5109138244691,76.910006508721,82.6931862820025,20.7192217514705,100.0
288,LYV,,,,,,,,
289,LKQ.O,False,,20.5134752830223,20.5134752830223,4.02199932735869,21.3268643703385,42.2142613442511,100.0
290,LMT,True,81.0,49.8278550280278,49.8278550280278,53.8093920953961,58.2450993961389,35.4980188129628,77.7777777777777
291,L,False,,24.3026304905565,24.3026304905565,19.9042158076497,22.7836496470527,33.9167519617878,100.0
292,LOW,True,100.0,61.7377782243661,61.7377782243661,74.9608610567514,68.9884960718294,47.1674013748218,100.0
293,LUMN.K,True,100.0,42.4154590054779,42.4154590054779,45.6155760503586,28.3026778767301,68.2660025348355,88.0434782608695
294,LYB,True,100.0,49.1262367583746,49.1262367583746,43.8566778967438,39.3847855221974,74.9421386752224,100.0
295,MTB,False,,29.606362783297,29.606362783297,23.3924052277195,35.6206270555547,29.9044694643466,87.037037037037
296,MRO,True,100.0,65.5509733196573,65.5509733196573,49.7618343195266,72.0499751285129,77.1184906273902,85.0
297,MPC,True,100.0,56.5926636559986,56.5926636559986,39.9391249775865,66.4480443185405,63.4424248694707,100.0
298,MKTX.O,,,,,,,,
299,MAR.O,True,100.0,63.4402385465387,63.4402385465387,68.6835199493427,65.4003866503866,55.7810631282432,76.0869565217391
300,MMC,True,100.0,47.8802280295747,47.8802280295747,55.999118354581,50.9907445655571,53.352104418472,100.0
301,MLM,False,,28.0592789132171,28.0592789132171,5.66037735849056,28.5925227070993,66.8693180208575,100.0
302,MAS,False,,66.4368533636134,66.4368533636134,70.3908591408591,67.5575443117317,59.5408967011419,75.0
303,MA,False,,58.1711187855857,59.8204984407367,38.5634489776023,57.5481887156347,68.1543244318483,56.5217391304347
304,MTCH.O,,,,,,,,
305,MKC,False,,57.4063407264834,57.4063407264834,64.0052324528131,52.2844549638559,58.9970402285047,100.0
306,MCD,True,70.0,42.6979567603881,76.7002613468633,67.6275513828256,87.5241147741147,68.6299201736202,8.69565217391304
307,MCK,True,91.0,53.5198007960192,59.8173793698163,42.1776729559748,51.7739038331203,88.5960484648725,47.2222222222222
308,MDT,True,100.0,38.1274261412155,73.7548522824311,76.0866555924695,89.3342648283135,52.1537842190016,2.5
309,MRK,True,100.0,49.2645095539197,78.2587488375691,73.9162873797261,81.9124526920484,75.9829631463491,20.2702702702702
310,META.O,True,100.0,31.6440310646358,32.8532795205759,27.5084692062099,55.8909009379671,14.6187708387989,30.4347826086956
311,MET,False,,55.2379481490485,55.2379481490485,84.7731525007214,66.9225778466656,37.7824377037691,56.25
312,MTD,True,100.0,55.3180673669758,55.3180673669758,47.7647569444444,51.8348623853211,69.7027542010156,100.0
313,MGM,True,61.7,50.7476722048435,53.6692574531654,73.8458525378356,39.9294871794871,56.1199772874796,47.8260869565217
314,MCHP.O,True,,65.8449753250779,65.8449753250779,60.9811888086716,64.1507580143366,74.4769777074888,100.0
315,MU.O,False,,41.8878080209599,41.8878080209599,22.8182399008597,32.5238822331845,80.2217673149096,100.0
316,MSFT.O,True,100.0,49.4021430328294,92.282546935224,79.9736022763276,93.3278706132383,95.0750904990472,6.52173913043478
317,MAA,,,,,,,,
318,MRNA.O,,,,,,,,
319,MHK,True,100.0,55.379659638062,55.379659638062,38.1189903846153,66.9875796502325,60.9175168465562,100.0
320,MOH,,,,,,,,
321,TAP,True,100.0,62.9371994958361,62.9371994958361,66.5520751247701,63.0315680718629,58.4258154151994,86.3636363636363
322,MDLZ.O,True,100.0,49.6670479248278,78.1219746375344,78.1603359224327,78.2689249673456,77.8258797098611,21.2121212121212
323,MPWR.O,,,,,,,,
324,MNST.O,False,,14.0835546046344,14.0835546046344,10.9338061465721,17.2501371493034,12.0402592971682,100.0
325,MCO,True,100.0,47.0531285134016,47.0531285134016,17.6978159684926,40.7413697665056,75.6668723603161,86.1111111111111
326,MS,True,71.82,36.6637272563449,66.509272694508,94.0679012345679,77.6611987309899,49.740444175113,6.81818181818181
327,MOS,True,100.0,46.6582792982526,73.3165585965052,56.4219692686566,84.9246632831654,83.4943779121971,20.0
328,MSI,True,100.0,72.6457654912418,72.6457654912418,63.0622837370242,79.3986210418794,71.3985813296678,100.0
329,MSCI.K,False,,15.6176609440606,15.6176609440606,0.0,10.546623389694,33.0296827021494,58.3333333333333
330,NDAQ.O,False,,41.7120437556706,41.7120437556706,33.7592592592592,43.0199514534367,48.2600903820359,100.0
331,NTAP.O,False,,33.4487317068022,33.4487317068022,33.0769230769231,27.1288033167029,45.0291111940455,100.0
332,NFLX.O,False,,6.56648198138309,6.56648198138309,0.0,10.5009487666034,5.14841351074718,89.1304347826086
333,NWL.O,True,100.0,38.158788280997,38.158788280997,25.8713942307692,42.160752434592,48.5168009833881,100.0
334,NEM,True,100.0,74.2208347607862,81.1689422488451,77.0240023843037,78.8618010387708,90.8911708156431,67.2727272727272
335,NWSA.O,False,,24.1117621443027,24.1117621443027,0.307692307692307,23.8478554749907,32.3939292044336,100.0
336,NWS.O,False,,24.1117621443027,24.1117621443027,0.307692307692307,23.8478554749907,32.3939292044336,100.0
337,NEE,True,69.008,67.1302407633859,67.1302407633859,75.0542567454332,70.1806845249468,49.6938367038762,100.0
338,NKE,True,100.0,67.3105315482713,67.954396429876,73.3461257309941,80.2628196378196,41.769051604472,66.6666666666666
339,NI,True,100.0,40.7680726293795,56.536145258759,41.1499574286931,52.5402036315729,89.9587996851778,25.0
340,NDSN.O,False,,45.1109376405321,45.1109376405321,22.4658358568211,58.3556100772724,54.9198225861481,100.0
341,NSC,True,100.0,54.4173884884715,62.4062055483716,64.1086468792526,52.8689167974882,72.7617513274631,46.4285714285714
342,NTRS.O,True,100.0,69.6238054330089,69.6238054330089,76.5617283950617,82.9376773290599,65.2300381703365,100.0
343,NOC,True,100.0,66.3975063104251,66.3975063104251,46.2039256664003,72.9806154461292,72.2823619543113,77.7777777777777
344,NLOK.O,True,100.0,62.9175533624127,69.3133675943906,78.0847865028881,74.2103920023054,62.4650597928036,56.5217391304347
345,NCLH.K,,,,,,,,
346,NRG,True,100.0,69.7152535693594,69.7152535693594,87.4369448634154,50.5367886515427,64.5203827626258,100.0
347,NUE,True,100.0,50.4714093093483,50.4714093093483,63.609195504053,56.7708263153924,21.3165378925884,95.4545454545454
348,NVDA.O,True,100.0,75.8774458755887,75.8774458755887,65.5547263873462,70.7441520298935,96.7346441068769,100.0
349,NVR,False,,14.8752469678616,14.8752469678616,0.0,15.5500226346763,33.1559194814056,100.0
350,NXPI.O,True,100.0,45.7762116787396,45.7762116787396,38.6018359969558,60.9516555395955,29.3459801264679,100.0
351,ORLY.O,False,,38.3791143960499,38.3791143960499,0.0,32.7548901715568,63.8178096212897,100.0
352,OXY,True,100.0,71.5543095493422,71.5543095493422,52.0707817823202,78.5387219552608,87.6746148170866,100.0
353,ODFL.O,,,,,,,,
354,OMC,False,,44.2800572155914,44.2800572155914,18.3293269230769,32.5387958483694,68.3896281132719,100.0
355,ON.O,True,100.0,61.4673467790468,61.4673467790468,53.5492834444033,74.362429094606,49.6921369599464,100.0
356,OKE,True,100.0,56.2742062969066,56.2742062969066,47.7802197802197,40.357305268448,88.8212275846269,87.5
357,ORCL.K,False,,42.9361564858782,55.4375303630608,75.505029733616,54.3288267164224,50.3719975809441,30.4347826086956
358,OGN,,,,,,,,
359,OTIS.K,,,,,,,,
360,PCAR.O,False,,45.2477382540676,45.2477382540676,58.3470831068664,40.3186328396396,35.9911293074036,79.1666666666666
361,PKG,False,,33.4094835108202,41.8189670216404,43.3304948908034,29.7676792972587,59.9215284885704,25.0
362,PARA.O,False,,38.5622021761704,38.5622021761704,61.4675480769231,40.3726958661209,28.5432701841512,100.0
363,PH,True,100.0,47.9921401490871,47.9921401490871,59.8598817195952,50.1728476377577,30.891700445998,79.1666666666666
364,PAYX.O,False,,26.3359323638661,26.3359323638661,0.0,31.8988490625718,37.6629136813374,100.0
365,PAYC.K,,,,,,,,
366,PYPL.O,,,,,,,,
367,PNR,False,,43.9680700649269,43.9680700649269,54.3133848383673,51.014671564745,22.3148148148148,100.0
368,PEP.O,True,100.0,51.0106328990586,79.2939930708445,78.1005384817441,72.1037764902361,93.9481479565506,22.7272727272727
369,PKI,True,70.0,48.8518385504525,48.8518385504525,47.4736987818383,48.9566979402611,49.3569055792246,100.0
370,PFE,True,100.0,47.0144215533643,68.3531674310529,64.0333672695332,64.6205636197845,77.0991899118966,25.6756756756756
371,PCG,True,100.0,43.8372753677508,85.5912174021684,92.4331741243505,82.6565005526754,77.7750228787996,2.08333333333333
372,PM,True,100.0,60.8394516231536,60.8394516231536,61.5475459225459,55.272797178092,69.6784897405673,100.0
373,PSX,False,,33.5049333560643,33.5049333560643,31.0766092881477,32.7323057740208,38.4443278436531,85.0
374,PNW,True,98.74,67.7782677444679,67.7782677444679,68.5514077425841,59.1415415185907,77.6916738413104,100.0
375,PXD,False,,22.2378023119676,22.2378023119676,10.5265375649991,26.5379729607113,31.7456862839286,85.0
376,PNC,True,100.0,41.926220364853,69.0376259148912,71.9911200205581,60.4855262460935,84.9224214699829,14.8148148148148
377,POOL.O,,,,,,,,
378,PPG,True,100.0,56.7297405590903,56.7297405590903,79.0044053948689,35.3541944538167,53.5975080275949,66.6666666666666
379,PPL,True,100.0,47.3193356992216,47.3193356992216,34.3052894848871,42.8190156375301,77.1950776401149,60.0
380,PFG.O,True,100.0,58.8706629887914,58.8706629887914,84.6662646292634,67.9327080006681,38.6378892629146,100.0
381,PG,True,100.0,44.7802311249159,59.5604622498318,80.4309523809523,49.5495271279243,58.1556793001981,30.0
382,PGR,True,100.0,57.5493476476711,57.5493476476711,25.8235738421256,56.0494370067998,76.2503402567106,100.0
383,PLD,True,100.0,70.3420106618758,70.3420106618758,78.7475071744735,74.2450089895211,56.8711163006674,100.0
384,PRU,True,41.35,40.2883908411747,64.9517816823494,89.0399705852237,67.6447669581165,55.3154934122605,15.625
385,PEG,True,100.0,58.2207146839639,58.2207146839639,61.7041826309067,48.6881014434643,65.6138846908498,100.0
386,PTC.O,False,,33.8945234945101,33.8945234945101,3.12568545733713,34.5719973870034,42.5417946093483,100.0
387,PSA,False,,2.48580440701243,2.48580440701243,0.0,7.4773317440722,0.699419993176391,100.0
388,PHM,False,,39.0959167134174,39.0959167134174,30.1474913974914,34.5631507469443,57.8302029715958,100.0
389,QRVO.O,,,,,,,,
390,PWR,False,,30.8140924826995,30.8140924826995,9.89010989010989,29.4336921221221,62.0095530535653,100.0
391,QCOM.O,True,61.92,77.7632710298143,77.7632710298143,66.4734576185774,81.7967716731854,84.6557710617364,95.0
392,DGX,True,100.0,54.5743140567365,62.7200566849017,52.2753623188406,62.711962833914,67.9521164891173,46.4285714285714
393,RL,False,,26.4132043983244,26.4132043983244,32.2368421052631,26.8293862043862,21.9549641760491,100.0
394,RJF,False,,32.455706511919,49.0023221147471,17.5555555555555,57.9893721418793,56.1139542818151,15.9090909090909
395,RTX,True,100.0,50.5426156683549,59.4185646700432,67.2121826787141,43.0061949579142,75.9511237401264,41.6666666666666
396,O,False,,42.5203570411701,42.5203570411701,29.9778847868735,31.0395470605764,67.9324462640737,100.0
397,REG.O,False,,47.6645330204001,47.6645330204001,44.135771843637,44.4744795879273,54.7765267826681,100.0
398,REGN.O,False,,24.0284737168459,24.0284737168459,0.0,53.8094461212171,12.9136813374275,75.0
399,RF,True,100.0,43.1780017759124,43.1780017759124,41.4817335003612,42.6779815475588,56.0760056510327,68.5185185185185
400,RSG,False,,45.922925557474,45.922925557474,54.4070891514501,21.7344396997929,70.9405003405646,47.2222222222222
401,RMD,True,67.0,52.4036011827267,52.4036011827267,35.8873200442967,64.2267103763419,44.5441052757341,100.0
402,RHI,False,,32.430329736283,32.430329736283,27.1124239169351,28.7787015470439,40.8188331627431,100.0
403,ROK,True,100.0,48.5775535415048,48.5775535415048,42.8771320237078,51.7019809616581,51.3215878564381,100.0
404,ROL,,,,,,,,
405,ROP,False,,21.8478350759753,21.8478350759753,31.2506854573371,30.0406880890907,11.9720232002729,100.0
406,ROST.O,True,100.0,36.9141179748211,36.9141179748211,22.5239182430963,49.2808641975308,30.3683887043394,100.0
407,RCL,True,100.0,59.5161972242202,59.5161972242202,61.6262078287394,64.5943223443223,50.0,100.0
408,SPGI.K,True,35.0,37.3688598750973,60.8488308613057,71.0537056928034,59.3407459379372,55.8936403711354,13.8888888888888
409,CRM,False,,46.1439680085386,46.1439680085386,57.0933410104555,56.9561583551034,33.5486588650883,100.0
410,SBAC.O,False,,16.6322851617761,16.6322851617761,0.0,33.8108211655527,19.9078812691914,100.0
411,SLB,False,,49.0137167351517,49.0137167351517,64.7493131868131,35.4121298503017,50.0,100.0
412,STX.O,True,100.0,54.5058031980808,54.5058031980808,38.2051282051282,67.0537314069041,45.7125603864734,100.0
413,SEE,False,,43.1563754568955,43.1563754568955,48.1281306351432,24.2185663924794,67.6220828760652,100.0
414,SRE,True,100.0,60.0961027017176,60.0961027017176,49.8350361856108,53.9138575438194,87.4272404903638,100.0
415,NOW,False,,14.8058343565394,14.8058343565394,0.0,24.8159392789373,10.6277720914363,100.0
416,SHW,True,100.0,37.0952095788782,64.1904191577565,56.2444021572641,65.9002695760355,75.3311359832095,10.0
417,SBNY.O,,,,,,,,
418,SPG,False,,36.8459141733687,36.8459141733687,24.4233993222757,44.6928453292592,43.971451692169,83.3333333333333
419,SWKS.O,True,100.0,47.379675378655,47.379675378655,32.0571663272861,40.0499627100846,77.8607121434387,100.0
420,SJM,True,100.0,52.4938807943421,52.4938807943421,61.1752921228727,54.1625278678652,40.0612770003707,100.0
421,SNA,False,,44.6661033691508,44.6661033691508,17.3370085669177,58.2820506899693,59.6089973112021,100.0
422,SEDG.O,,,,,,,,
423,SO,True,100.0,48.0085659637484,48.0085659637484,39.3596028154851,51.2683582355713,58.4740733624261,56.25
424,LUV,True,100.0,63.8215805234651,63.8215805234651,70.8549323017407,67.2596557638847,51.0232827967438,89.1304347826086
425,SWK,True,100.0,42.7694173025883,42.7694173025883,31.7762119212154,61.2979969722355,31.668237082254,79.1666666666666
426,SBUX.O,True,100.0,45.7794965545463,82.8633409351796,87.3335525234259,80.9801587301587,81.6649238132893,8.69565217391304
427,STT,True,100.0,84.6175632832421,84.6175632832421,94.9197530864197,79.0786202375121,87.1201780543351,100.0
428,STE,,,,,,,,
429,SYK,True,100.0,30.5779124832074,43.6558249664148,9.22619047619048,33.3059628827624,73.3503061386621,17.5
430,SIVB.O,,,,,,,,
431,SYF,,,,,,,,
432,SNPS.O,False,,35.2206166311966,35.2206166311966,0.0,37.9192459638535,43.4629819174343,100.0
433,SYY,True,100.0,68.4580474469051,68.4580474469051,66.2828947368421,67.0293365838488,72.4761697132729,100.0
434,TMUS.O,False,,34.7604618885955,34.7604618885955,5.73122529644267,37.6736442533505,51.1736608665984,88.0434782608695
435,TROW.O,True,100.0,52.3000129416037,52.3000129416037,64.4382716049382,66.1325154331785,44.0763061854667,100.0
436,TTWO.O,,,,,,,,
437,TPR,True,64.8,38.3177565105879,38.3177565105879,38.7926723200695,43.436708353375,32.3925743360837,100.0
438,TRGP.K,,,,,,,,
439,TGT,True,100.0,40.4950619787242,77.4186953860199,90.0564753308655,86.2859149327566,57.4937891603141,3.57142857142857
440,TEL,True,100.0,51.3087162562114,51.3087162562114,38.5444975023941,43.265980537953,77.1706989247312,100.0
441,TDY,,,,,,,,
442,TFX,False,,26.1930934615239,26.1930934615239,0.595238095238095,32.0116554520484,30.4776526782668,100.0
443,TER.O,False,,49.9338634115881,49.9338634115881,20.0988702743839,67.9505640126431,56.0082991844924,100.0
444,TSLA.O,False,,26.6143321092354,26.6143321092354,32.3523593068303,27.657460234227,16.8019810638672,48.5714285714285
445,TXN.O,True,100.0,87.9233844692415,87.9233844692415,98.5103832428318,88.7944392884664,73.7817454892121,100.0
446,TXT,True,100.0,57.5503295899231,57.5503295899231,27.2496773003872,52.7972785244876,86.2138327131731,77.7777777777777
447,TMO,True,100.0,50.4449393916525,50.4449393916525,55.1702657807309,51.1787909804157,47.2735491515444,100.0
448,TJX,True,,64.8520001143681,64.8520001143681,69.1737234420161,77.4534143734307,48.2250608766983,100.0
449,TSCO.O,True,100.0,54.5710749031472,54.5710749031472,41.913459447706,64.7888007054673,49.6443716921197,100.0
450,TT,True,100.0,64.0493515277565,64.0493515277565,54.5298224499831,58.8185733006546,82.3309178743961,100.0
451,TDG,False,,5.6429377325192,5.6429377325192,0.0,4.94283056008365,10.7301262367792,100.0
452,TRV,False,,41.6598647816513,41.6598647816513,48.2687835021934,49.2675448557801,42.388374244199,100.0
453,TRMB.O,False,,54.4249996389951,54.4249996389951,18.1020904925544,42.6767543671729,75.4384169225521,100.0
454,TFC,False,,33.0200439999954,33.0200439999954,15.2471083070452,31.3461766882234,48.5342787851018,100.0
455,TYL,,,,,,,,
456,TSN,True,100.0,32.2698555817074,56.9639535876573,47.3747509029767,54.2517848241757,72.1981014599322,7.57575757575757
457,USB,False,,45.7680687228732,45.7680687228732,59.7642078049972,48.031332312478,45.5613527498285,68.5185185185185
458,UDR,False,,30.4510391262747,30.4510391262747,5.32178932178931,44.2203239380881,46.8406687137496,100.0
459,ULTA.O,False,,32.8947139993039,32.8947139993039,0.0,55.2094356261023,24.5479358580689,100.0
460,UNP,True,100.0,57.868102530666,57.868102530666,40.5301776453713,66.3592360020931,67.6351388801643,92.8571428571428
461,UAL.O,True,100.0,50.3363512653712,50.3363512653712,51.4429400386847,59.3310963597235,35.8768400035965,89.1304347826086
462,UPS,True,100.0,39.0073502741091,67.3004148339325,79.8457096619956,70.7919937205651,47.7070084876343,10.7142857142857
463,URI,,,,,,,,
464,UNH,False,,9.36893322077769,9.36893322077769,0.0,3.45528455284552,21.1497782326851,75.0
465,UHS,False,,21.6513029779125,21.6513029779125,0.0,33.3139759969028,18.4817468440805,100.0
466,VLO,True,93.47,51.0790087451318,51.0790087451318,47.0633803518418,37.9109822596743,80.4515776210236,100.0
467,VTR,True,18.4,56.3058591177349,56.3058591177349,55.8247320719231,78.4858766504219,36.042601987715,100.0
468,VRSN.O,False,,27.6340122222707,35.7028070532371,8.37050035339133,42.4733256602482,38.0723302627089,19.5652173913043
469,VRSK.O,False,,28.859864859964,28.859864859964,28.125,48.6721000404392,12.0197884680996,100.0
470,VZ,True,100.0,42.3517621864972,71.6600461121249,60.3030303030303,74.7276101165601,74.2149215346471,13.0434782608695
471,VRTX.O,False,,16.7452609416888,16.7452609416888,0.0,41.5164369034994,5.33947458205391,75.0
472,VFC,True,100.0,51.7832321535876,51.7832321535876,55.7328216374269,54.8146441896441,43.6737132137846,100.0
473,VTRS.O,False,,21.9925850016178,21.9925850016178,0.0,27.0976130273744,30.4912998976458,39.1891891891891
474,VICI.K,,,,,,,,
475,V,False,,20.6518241206344,20.6518241206344,24.2645804391801,30.6099480511401,10.9929460626909,45.6521739130434
476,VNO,True,100.0,44.0608321521632,44.0608321521632,59.406683204436,41.7683210433625,28.3097524655524,100.0
477,VMC,True,100.0,53.0911436450036,53.0911436450036,65.4571843251088,42.4311529679727,46.4645695768007,100.0
478,WAB,False,,34.6902798589274,34.6902798589274,24.0291042265186,40.1353548552387,40.3445922893211,100.0
479,WBA.O,True,,26.6807130627455,39.4725372366021,42.2287046231932,41.1671203895561,34.5656846334526,13.8888888888888
480,WMT,True,100.0,40.2044994642329,77.6312211506882,80.1938513737173,82.5514864476744,67.7360273042923,2.77777777777777
481,WBD.O,False,,22.2147773406612,22.2147773406612,12.7896634615384,38.3763281084161,4.07710678949164,100.0
482,WM,True,100.0,68.9056009182834,68.9056009182834,86.90619405657,79.7488466584265,42.4989068675813,86.1111111111111
483,WAT,True,100.0,40.7029866855749,40.7029866855749,36.704042081949,14.0067433039282,77.7192146197685,100.0
484,WEC,True,98.73,74.1057203423329,74.1057203423329,63.8115887380593,74.9618576121308,90.4927656188607,100.0
485,WFC,True,94.22,36.6036066756528,68.8862256969847,59.6135450892642,64.7818343132581,86.7602511186901,4.32098765432098
486,WELL.K,True,100.0,48.4648963480601,48.4648963480601,52.9314006842096,52.4702920109671,39.4933531390452,100.0
487,WST,,,,,,,,
488,WDC.O,True,,44.3482182730766,44.3482182730766,32.4615384615384,32.3125549834846,75.7173843157976,100.0
489,WRK,,,,,,,,
490,WY,True,93.0,87.8129581640243,87.8129581640243,80.085899119607,95.7071397451401,89.4161010091305,100.0
491,WHR,True,100.0,33.9543315096553,51.241996352644,64.4771634615384,44.5551147240795,43.6625786593454,16.6666666666666
492,WMB,False,,50.6566272556721,50.6566272556721,42.9347527472527,34.8326563945421,82.1706838513241,65.625
493,WTW.O,False,,35.9221025209971,35.9221025209971,19.1275167785234,30.7060927037239,53.9814814814815,100.0
494,GWW,True,77.25,57.7214864829571,57.7214864829571,28.0375676165333,75.5098483540249,70.0196702250436,100.0
495,WYNN.O,False,,13.2806748570111,13.2806748570111,2.74261603375527,20.4850427350427,11.9583759808938,91.3043478260869
496,XEL.O,True,100.0,67.4948579535268,67.4948579535268,65.4489274342215,58.8874240513584,82.1626039091647,85.4166666666666
497,XYL,True,100.0,47.7181998774852,47.7181998774852,59.3938452778424,52.6232892984894,27.2763081561842,100.0
498,YUM,True,100.0,39.7876782922936,64.3579652802394,62.913340761442,84.0819088319088,36.0722120196529,15.2173913043478
499,ZBRA.O,False,,23.3515976984685,23.3515976984685,5.49981419546637,45.6850150784232,22.3643807574206,100.0
500,ZBH,False,,55.0931200818934,55.0931200818934,54.1043743078626,36.2625528637242,80.3481149470308,82.5
501,ZION.O,False,,30.3721413274584,30.3721413274584,15.2471083070452,28.6781087531921,44.8549982940976,100.0
502,ZTS,False,,46.4245877352853,46.4245877352853,20.4488062442607,39.124146694511,76.3835977174163,100.0
