,Instrument,CSR Sustainability Reporting,ESG Reporting Scope,ESG Combined Score,ESG Score,Environmental Pillar Score,Social Pillar Score,Governance Pillar Score,ESG Controversies Score
0,MMM,True,100.0,49.1762368891185,90.0191404449037,90.0477029654836,95.9072686888386,80.3926844398705,8.33333333333333
1,AOS,False,,53.967525067129,53.967525067129,59.7045798736693,46.6327105376612,56.699816126805,100.0
2,ABT,True,100.0,57.1081282503158,82.2718120561872,77.5997781522643,83.5944573224752,82.7106116107389,31.9444444444444
3,ABBV.K,True,100.0,52.981142818519,82.885362560115,73.1933642907479,95.4689730317055,71.1873211973296,23.0769230769231
4,ABMD.O,False,,25.9380591645089,25.9380591645089,0.0,34.9508881795857,26.1755952380952,100.0
5,ACN,True,100.0,80.6825292664098,80.6825292664098,77.6451581790122,79.4756720822837,82.6329787234042,81.0
6,ATVI.O,True,100.0,46.8769001207181,67.7538002414361,42.6085069444444,66.8499218713811,76.0757279380811,26.0
7,ADM,True,100.0,77.8149470203071,83.6298940406141,78.3629400285739,86.0662635492085,85.2140383584531,72.0
8,ADBE.O,True,100.0,77.8982999911355,77.8982999911355,77.7479888219159,77.2080582809528,78.5377681478919,100.0
9,ADP.O,True,100.0,77.7573706617949,77.7573706617949,43.3723958333332,85.4370489383393,81.4598068166424,100.0
10,AAP,True,100.0,66.3668779969283,66.3668779969283,29.6287732232865,71.9441484333237,78.5389632321987,100.0
11,AES,True,100.0,71.0509599457595,71.0509599457595,52.0068680806929,76.3945633960589,96.4792316309833,100.0
12,AFL,True,40.859,55.1085714254116,55.1085714254116,35.3914090726615,54.9030027182808,61.9207890346474,100.0
13,A,True,100.0,88.6406229335139,88.6406229335139,79.3931184538919,90.9186216326645,89.9567600701226,100.0
14,APD,True,100.0,81.6315597501333,81.6315597501333,92.716381804054,80.6001743254404,63.7959994244919,100.0
15,AKAM.O,True,100.0,59.0028860247821,59.0028860247821,62.3428098556362,45.1507385938882,69.9291469410178,100.0
16,ALK,True,89.993,55.9886586858226,55.9886586858226,46.8788261401897,45.2262341765632,81.8541550135394,100.0
17,ALB,True,100.0,69.6465855568459,69.6465855568459,50.0343009982618,88.4173699665716,72.4889035827539,100.0
18,ARE,True,62.64,74.3456579582438,74.3456579582438,68.0232843125979,76.270291749117,79.9147432634,100.0
19,ALGN.O,False,,53.3017453098446,53.3017453098446,30.7870261737665,47.0041587274617,72.1004365734853,100.0
20,ALLE.K,True,100.0,62.7009452529986,62.7009452529986,63.9384719405004,72.8234830301132,51.9896149949341,100.0
21,LNT.O,True,100.0,53.8431196918828,53.8431196918828,56.1839808395154,41.5249592947063,65.8772642572369,100.0
22,ALL,True,51.0,68.4263680721676,72.146853791394,76.1649229323648,67.3365309635687,76.4195407101998,64.7058823529411
23,GOOGL.O,True,100.0,44.8915261660832,82.2830523321665,76.8118248456789,83.2107990429904,83.1255275771254,7.5
24,GOOG.O,True,100.0,44.8915261660832,82.2830523321665,76.8118248456789,83.2107990429904,83.1255275771254,7.5
25,MO,True,100.0,59.747590421077,87.495180842154,90.5810182204482,93.7501316008758,73.2935948040162,32.0
26,AMZN.O,True,100.0,42.5634951371706,82.8542630016141,88.4531946578391,87.8512109608518,72.8938643189985,2.27272727272727
27,AMCR.K,True,100.0,75.8626736508949,75.8626736508949,73.7459867374801,73.7121891586947,82.7521367521367,100.0
28,AMD.O,True,100.0,69.7946966701775,69.7946966701775,70.0123507917793,75.5723080641025,60.0004529242794,77.7777777777777
29,AEE,True,100.0,44.3493508793607,44.3493508793607,29.8913688632891,40.1797570548792,76.3501363233801,100.0
30,AAL.O,True,51.0,37.6408808692799,68.5250049818031,56.8650520355065,66.0325537944308,85.020395248583,6.75675675675675
31,AEP.O,True,100.0,72.7138329547854,72.7138329547854,69.9742255886047,78.6793099441524,69.6160453911153,100.0
32,AXP,True,100.0,60.0962227580699,72.0972074209017,36.9372175854141,73.7554032451138,83.8765779972935,48.0952380952381
33,AIG,True,100.0,44.9794864437559,66.429561122806,58.4884082325942,69.3271936265607,65.6960408318293,23.5294117647058
34,AMT,True,100.0,81.2495334614358,81.2495334614358,78.2773380361297,78.6661765129935,87.1425799258861,100.0
35,AWK,False,,80.9605917140712,80.9605917140712,68.8740713676775,95.1896490606169,84.353757168494,100.0
36,AMP,True,100.0,77.0426288955968,77.0426288955968,43.3122315831231,77.168710848311,87.0552788848248,100.0
37,ABC,True,100.0,46.7249596535344,76.7832526404021,54.9895475586083,73.124951960225,91.7704109074727,16.6666666666666
38,AME,True,100.0,47.8279040045173,47.8279040045173,34.1516650508649,50.8763183348295,60.2425808491574,100.0
39,AMGN.O,True,88.0,81.0607289036605,81.0607289036605,76.4715783247759,80.7889706143765,84.8322336604948,100.0
40,APH,True,98.261,75.4258029436562,75.4258029436562,71.3287567603125,78.6120983568011,77.3001429510962,100.0
41,ADI.O,True,100.0,74.9750491862579,74.9750491862579,82.5097017634664,74.5237051890674,66.6781836889722,100.0
42,ANSS.O,True,100.0,62.8010890127642,62.8010890127642,59.3812692901234,84.8292314796159,44.8583566942117,100.0
43,AON,True,100.0,31.4203084285407,59.8994403864932,43.3096438445275,73.4882729733585,49.5757345491388,2.94117647058823
44,APA.O,True,100.0,48.2559454661275,65.4774081736344,44.6699234948629,69.9505608670312,88.0179300659421,31.0344827586206
45,AAPL.O,True,100.0,41.3209155503609,79.7006546301337,65.5090705487122,78.1003901553781,94.3807796779658,2.94117647058823
46,AMAT.O,True,100.0,80.7955445530425,80.7955445530425,82.6138868822241,73.9686083109257,89.8779785575176,100.0
47,APTV.K,True,100.0,60.7381752382974,60.7381752382974,56.5085370094787,65.9190476036702,57.8234031132581,76.0416666666666
48,ACGL.O,True,100.0,59.9263394793667,59.9263394793667,37.0937821868054,64.5762578361778,62.1122871606074,64.7058823529411
49,ANET.K,True,100.0,63.4593801286733,63.4593801286733,62.1579896326347,54.487830614209,73.0687003740653,100.0
50,AJG,True,100.0,54.1614799285498,54.1614799285498,26.3408527107844,49.7413645998563,68.5918235512806,92.8571428571428
51,AIZ,True,100.0,63.8185613852528,63.8185613852528,26.1461260537936,60.8499042695404,79.8394731307368,100.0
52,T,True,100.0,40.8901590310798,76.0984998803415,83.5499405774699,92.9556219425545,36.5778338766603,5.68181818181818
53,ATO,True,100.0,42.017386391933,42.017386391933,40.0712714747032,37.7424191130241,51.3617676009561,100.0
54,ADSK.O,True,100.0,80.8512660692588,80.8512660692588,72.6746551031592,76.5159588818695,87.0374305482294,100.0
55,AZO,True,100.0,70.7770755691395,70.7770755691395,51.8952697358012,75.7572823568354,74.6844153883688,100.0
56,AVB,True,100.0,77.2527073652776,77.2527073652776,82.8202578981809,79.1867784330996,68.9413539076577,100.0
57,AVY,True,100.0,69.9507124060547,69.9507124060547,83.3941698922795,67.6884644982142,53.170664326573,100.0
58,BKR.O,True,100.0,80.9815995988459,91.9631991976917,91.2975798097749,92.2816358337385,92.2868674901057,70.0
59,BALL.K,True,100.0,73.8908719929679,73.8908719929679,80.0422330242745,82.2517305584605,50.2917747312133,100.0
60,BAC,True,100.0,46.1631602302572,74.2310823652763,86.2424974583795,87.1146137460179,51.6758730923466,18.0952380952381
61,BBWI.K,True,100.0,57.6006235723787,57.6006235723787,52.8859882910509,48.0605104548514,70.5580668991841,100.0
62,BAX,True,100.0,86.8196405149833,86.8196405149833,77.2655133428614,87.0981548680978,90.911522630373,100.0
63,BDX,True,100.0,78.8521240931169,78.8521240931169,78.3207832931589,94.9104235186555,57.9566555561382,79.1666666666666
64,WRB,True,2.4,58.1593147114761,58.1593147114761,48.7930138241258,58.6974581458532,60.653581000486,66.0714285714285
65,BRKb,False,,18.8951951098271,29.4570568863209,41.0225247123642,27.9634718713217,14.9255952380952,8.33333333333333
66,BBY,True,100.0,84.9278898701442,84.9278898701442,78.4307294861072,82.1115047258171,91.3057868891929,100.0
67,BIO,True,100.0,51.5226876273479,51.5226876273479,48.7441071695215,58.4442597020117,43.7059552760261,100.0
68,TECH.O,True,100.0,74.1457883118471,74.1457883118471,36.591810279091,90.9964563130284,83.8289428214972,100.0
69,BIIB.O,True,100.0,64.8544598348337,78.1704581312059,82.0390365448504,86.5912785307823,62.7490523640553,51.5384615384615
70,BLK,True,100.0,79.6846014930419,79.6846014930419,93.2850027809286,74.4315876979868,80.0403594225001,100.0
71,BK,True,100.0,70.9014991262141,72.7553792048091,88.5174774440783,82.4218253889885,59.8639729552767,69.047619047619
72,BA,True,83.0,43.0258747498964,80.8793357066893,83.9777076219316,89.3654151242727,67.1038442027877,5.17241379310344
73,BKNG.O,True,100.0,60.2437183986366,60.2437183986366,65.9770990646702,47.9058962264151,73.5904090575387,72.0930232558139
74,BWA,True,100.0,57.1499406442083,57.1499406442083,73.9971416772864,49.3128391672234,46.9304711614234,100.0
75,BXP,True,100.0,79.5426733631328,79.5426733631328,91.4373398195029,65.7523992838525,78.6130976051366,100.0
76,BSX,True,100.0,52.9743501111338,79.5598113333788,60.1289489963523,89.8342678333757,75.0995126989953,26.3888888888888
77,BMY,True,100.0,51.2965202846154,81.3809193571096,80.8183502277538,83.2907730147684,78.9392998635807,21.2121212121212
78,AVGO.O,True,100.0,46.191073234694,75.7154798027213,73.2851497341054,78.4770088026794,74.0753530351298,16.6666666666666
79,BR,True,100.0,77.2553309345562,77.2553309345562,69.3854558140272,83.5708407533985,74.6944254170727,100.0
80,BRO,False,,36.1724727237439,36.1724727237439,1.28205128205128,37.987573701424,45.6849953970147,100.0
81,BFb,True,100.0,61.7596304948321,61.7596304948321,70.0336744200735,52.7663107931313,68.3684934582257,100.0
82,CHRW.O,True,100.0,48.3836728007385,48.3836728007385,30.6704452614379,51.9240884477142,65.0370055068309,100.0
83,CDNS.O,True,100.0,85.5154202131379,85.5154202131379,64.1147660469021,88.0961685949009,89.7133053564905,100.0
84,CZR.O,True,66.424,65.4137650802911,65.4137650802911,61.6815385242227,75.7976488841151,53.1969432750168,100.0
85,CPT,True,100.0,65.9632027643223,65.9632027643223,51.9772252293796,66.3183168407049,81.9467638944853,100.0
86,CPB,True,100.0,75.3436648105626,78.6873296211252,81.8325511539924,90.7205807228855,54.4368020869294,72.0
87,COF,False,,63.6710484758831,63.6710484758831,53.9232379452529,57.7475159583078,75.7314841567947,90.625
88,CAH,True,100.0,52.9626318805446,78.2329560687816,74.4392114668276,74.5375313241241,86.5376424230638,27.6923076923076
89,KMX,True,100.0,61.9193488671418,61.9193488671418,53.2592770188644,52.6948699998371,76.4988057549525,100.0
90,CCL,True,51.0,65.8054374703648,65.8054374703648,70.2792677107461,59.7649350271205,70.8397439188884,72.0930232558139
91,CARR.K,True,100.0,60.2974420187338,60.2974420187338,51.9494726305509,82.9748284635936,40.5824319457371,100.0
92,CTLT.K,True,100.0,57.1115412512458,57.1115412512458,60.6306000201348,72.8123080509798,31.0669744366805,100.0
93,CAT,True,100.0,69.3852845727026,80.7060530163729,82.8125848853709,79.3108123009463,80.0075303782459,58.0645161290322
94,CBOE.K,True,51.0,62.5529588848221,62.5529588848221,23.6361907345308,58.0673314088276,78.0158525318603,100.0
95,CBRE.K,True,100.0,85.301235692243,85.301235692243,80.3513503667174,80.1508237312954,95.7515779972935,100.0
96,CDW.O,True,100.0,61.0967864991494,61.0967864991494,41.0807291666666,81.9720427116892,49.1256886269848,100.0
97,CE,True,100.0,61.2442391505883,61.2442391505883,65.6780290361543,47.7698985846698,76.2427318672285,94.3181818181818
98,CNC,True,51.0,72.9294303287252,72.9294303287252,62.0745290745291,79.8569031033339,70.0439136262929,100.0
99,CNP,True,100.0,45.8503223541395,45.8503223541395,32.0180565878029,31.914912655581,90.7224879681461,100.0
100,CDAY.K,True,100.0,58.8354982098615,58.8354982098615,34.6310763888888,71.2053310225481,55.4450242785621,100.0
101,CF,True,100.0,64.7095726626836,64.7095726626836,44.8702111901145,75.0517263659997,82.2349063780478,100.0
102,CRL,True,50.0,74.3786646549141,74.3786646549141,76.6813592525617,83.8408728964271,64.2224118586592,100.0
103,SCHW.K,False,,31.8828164832564,47.0989662998463,18.7184226240478,59.1250046569553,45.4578081232493,16.6666666666666
104,CHTR.O,True,100.0,35.5965879097237,35.5965879097237,34.4826422009565,42.2258058398215,23.1553481044158,46.4285714285714
105,CVX,True,100.0,48.5088319459303,86.6728363056537,80.5630304335008,85.7669691220952,97.2493480621577,10.3448275862068
106,CMG,True,100.0,41.9327053333183,62.9351781084971,50.059365494495,79.8776567335529,49.1096915235152,20.9302325581395
107,CB,True,100.0,43.464647955253,60.1435816247917,45.7156018075327,55.7731906908493,70.0516976534774,26.7857142857142
108,CHD,True,100.0,69.2181970076586,69.2181970076586,65.7119799139168,65.9111625216887,79.1547589352307,100.0
109,CI,True,89.9,76.2080479862363,79.9160959724726,82.5839475839476,86.4853569540099,70.6990569888901,72.5
110,CINF.O,True,73.832,54.5381714334482,54.5381714334482,20.9423154124077,53.2241921800668,67.26976590274,97.3214285714285
111,CTAS.O,True,80.0,67.9558886281534,67.9558886281534,62.345670202813,69.5914636180009,69.7931401499757,100.0
112,CSCO.O,True,100.0,54.1220669313148,87.4108005292964,71.2429569528961,94.2454864855463,89.8138335547427,20.8333333333333
113,C,True,100.0,49.4505231869504,80.8058082786628,91.0487142536227,70.4798213202261,86.4526588066323,18.0952380952381
114,CFG,True,100.0,64.4365987356317,64.4365987356317,45.3145800228664,60.6031395969869,77.3670610339819,100.0
115,CLX,True,100.0,69.9790880019817,69.9790880019817,54.3864468864469,78.8173049541819,68.3863072660161,100.0
116,CME.O,True,67.0,50.8214731333886,50.8214731333886,20.5965481708048,63.0494270195591,49.5631228960643,69.047619047619
117,CMS,True,100.0,50.7194834267864,50.7194834267864,37.3384851016429,62.6178090575276,57.751013674649,100.0
118,KO,True,100.0,54.2567825835466,79.3468985004266,76.8406972276174,84.9098132393853,72.1247579244906,29.1666666666666
119,CTSH.O,True,100.0,80.6214080205065,80.6214080205065,50.0303819444443,92.2536158446985,79.7820924391597,100.0
120,CL,True,100.0,90.1700200029029,90.1700200029029,94.6941256177268,94.4733371891265,77.2783531926443,100.0
121,CMCSA.O,True,100.0,39.9694386967834,78.4682891582726,85.0771414058091,83.3485890931768,63.6137897879369,1.47058823529411
122,CMA,True,100.0,70.7503969329056,70.7503969329056,47.8754943745943,63.5091596534929,89.8771737634211,100.0
123,CAG,True,100.0,76.7841965817055,76.7841965817055,70.737024867248,75.3965214396962,85.833679740747,100.0
124,COP,True,100.0,50.1498940586605,69.2653053587005,68.1454759496848,82.4984681837593,47.3085814539023,31.0344827586206
125,ED,True,96.617,60.1500999181107,60.1500999181107,53.3960468018847,59.4136878409061,72.5893259160609,100.0
126,STZ,True,100.0,29.7709758412124,42.8752850157581,29.5468757402055,59.5152885662129,28.2702585064186,16.6666666666666
127,CEG.O,,,,,,,,
128,COO,True,100.0,65.3333934845551,65.3333934845551,45.930053968728,59.1615188255235,82.5145868929995,100.0
129,CPRT.O,False,,39.3259549432934,39.3259549432934,1.82741116751269,45.4473880829556,51.2736344537815,100.0
130,GLW,True,100.0,68.2320779541306,68.2320779541306,61.4926488208511,70.0854677666311,74.9854968638521,100.0
131,CTVA.K,True,100.0,47.8105832060629,63.6211664121259,70.2474154740444,57.5651211465276,66.7957928751323,32.0
132,CSGP.O,True,100.0,58.5733819968201,58.5733819968201,26.6883680555555,47.2903991139794,77.8547881060901,100.0
133,COST.O,True,100.0,49.8996327075756,74.7992654151513,93.9717027404497,52.0557992557047,81.4320295851049,25.0
134,CTRA.K,True,100.0,32.0583488626074,32.0583488626074,32.3620375664401,17.9084307531993,56.8469593920976,100.0
135,CCI,True,100.0,62.4381381708071,62.4381381708071,60.100415537664,47.2614958849181,79.4146620556699,100.0
136,CSX.O,True,100.0,59.0035308886805,59.0035308886805,67.7231413398692,52.6690201473228,56.774862311019,100.0
137,CMI,True,100.0,69.3041760429774,69.3041760429774,55.7378769866756,75.0847287252466,78.4379409803742,100.0
138,CVS,True,99.0,52.9813107202417,88.4626214404835,92.5806715806716,93.1503486283126,80.7783237449946,17.5
139,DHI,False,,42.9668130335848,42.9668130335848,35.8634299980453,25.0698990725586,80.2397095187274,100.0
140,DHR,True,100.0,81.2988909426654,81.2988909426654,64.5728764478764,89.0073253304334,78.9549257630061,100.0
141,DRI,False,,55.287875438838,55.287875438838,35.2697262479871,70.9069560913114,49.8755887318937,100.0
142,DVA,True,60.0,56.8327358443057,63.6654716886115,74.339748730286,66.9311263318112,54.4095475959345,50.0
143,DE,True,51.0,65.1843957043577,72.3042752796833,84.8021374622132,80.6670684760711,46.3422895809389,58.0645161290322
144,DAL,True,100.0,40.6872816660883,69.5324580690187,74.1260897597622,80.2916827108202,48.6394935976596,11.8421052631578
145,XRAY.O,True,100.0,43.6717548348186,65.7526005787282,68.3663127413127,82.4727114642109,42.5180555703034,21.5909090909091
146,DVN,True,100.0,60.1526385272152,60.1526385272152,44.7380337265032,75.3873561718267,55.5921457687027,73.8095238095238
147,DXCM.O,True,100.0,47.6305169674212,47.6305169674212,35.8492075342904,64.8594305617922,30.4437251369606,100.0
148,FANG.O,True,100.0,57.3723631970473,57.3723631970473,42.9393848753721,51.4367739542563,89.1258655518155,100.0
149,DLR,True,100.0,75.6625859472193,75.6625859472193,82.0975183090611,56.6953008608961,85.9633380783411,100.0
150,DFS,True,100.0,62.2808134629989,62.2808134629989,19.9331457732825,61.424766456795,80.3993230807663,100.0
151,DISH.O,False,,38.3154696155816,38.3154696155816,8.21917808219178,40.2655682119778,45.7799369747899,100.0
152,DIS,True,100.0,36.5012904104276,69.6692474875219,57.7108868060562,87.109020364021,50.6930000939533,3.33333333333333
153,DG,False,,35.8828907222087,43.9880036666397,7.56711030904579,50.5015197568389,68.8945170176841,27.7777777777777
154,DLTR.O,True,98.003,49.4275981307205,71.0774184836633,69.5365807919247,72.1633408219902,71.3027572039917,27.7777777777777
155,D,True,100.0,75.6497732842234,78.7189014071565,82.9635935704026,76.263429989751,74.6950375722652,72.5806451612903
156,DPZ,True,100.0,58.5010213656907,58.5010213656907,35.9878580450637,58.6994868122687,78.4651701843879,68.103448275862
157,DOV,True,100.0,65.1556210104423,65.1556210104423,77.5400787390307,43.4362034391082,78.7708414407744,100.0
158,DOW,True,100.0,81.5499416803676,81.5499416803676,87.2841467065421,89.0892743930731,58.6445323709306,100.0
159,DTE,True,100.0,82.6533628232546,82.6533628232546,96.2232185713825,70.2009066041967,75.7728011362122,91.9354838709677
160,DUK,True,100.0,69.4038273024103,69.4038273024103,77.8093613523187,72.831852940268,50.6579860883511,100.0
161,DD,True,100.0,36.9792485072088,63.9584970144176,53.1118144652685,58.0185682002118,93.1858488975413,10.0
162,DXC,True,100.0,63.4398263515494,81.8796527030989,73.8170331790122,85.1670613916394,81.4676144118593,45.0
163,EMN,True,100.0,81.4071554977314,81.4071554977314,87.3997529955392,80.9548368738809,71.5866620309069,100.0
164,ETN,True,100.0,71.3979577615014,71.3979577615014,91.8884018850936,76.9229067264848,39.5656028368794,100.0
165,EBAY.O,True,100.0,57.2287516509407,69.4575033018814,45.5078124999999,65.9806333163656,79.6363819188621,45.0
166,ECL,True,100.0,77.2083256995372,77.2083256995372,74.5364500655993,91.0411581426159,58.4896732353887,100.0
167,EIX,True,100.0,77.9674984996119,86.4905525547793,83.1238384107555,86.2642174361327,92.5082022538604,69.4444444444444
168,EW,True,100.0,69.5210220081997,69.5210220081997,62.9001258559269,80.6089016185863,58.0117320589182,100.0
169,EA.O,True,100.0,57.8276865208274,59.1553730416549,38.5980902777777,63.951211390523,61.1928081815149,56.5
170,ELV,True,73.0,79.5469113719533,86.5938227439066,84.7690417690418,89.4172504507699,84.1180999831029,72.5
171,LLY,True,51.0,49.2063488456775,66.8742361528934,75.3314393939393,85.3776823486288,33.0199147391665,31.5384615384615
172,EMR,True,23.944,69.4548272445609,69.4548272445609,75.2337972677365,71.3121746712962,60.0848743683641,100.0
173,ENPH.O,True,100.0,54.0875637059664,54.0875637059664,53.5918057483126,73.4522971763987,39.1576359482951,100.0
174,ETR,True,100.0,56.8692872921652,56.8692872921652,59.3674004223037,61.4741149511837,46.6362190142059,91.9354838709677
175,EOG,True,97.854,55.2172031207613,55.2172031207613,44.3224876296154,47.078278849303,85.7105341252095,100.0
176,EPAM.K,True,100.0,66.9711906372901,66.9711906372901,19.9782986111111,77.5345542611208,71.9728284579562,100.0
177,EQT,True,100.0,45.2636046880847,45.2636046880847,37.339521165857,35.0521556538326,75.0960112984351,100.0
178,EFX,True,100.0,38.1759669341969,48.6923594003087,39.2218099360956,36.0434027241295,71.4842997781536,27.6595744680851
179,EQIX.O,True,100.0,64.1472095390842,64.1472095390842,64.0679390738822,63.3171978658757,65.0189804861102,100.0
180,EQR,True,100.0,61.4107975401228,61.4107975401228,72.4554517173475,64.7954297265434,45.3475741138881,100.0
181,ESS,True,100.0,70.3446278095499,70.3446278095499,71.6439915338289,53.2180187994732,84.9086863684631,100.0
182,EL,True,100.0,70.7824421299584,70.7824421299584,87.998866213152,81.7673834471175,32.2064099300666,100.0
183,ETSY.O,True,100.0,53.8498636759232,53.8498636759232,63.8207995126234,45.6977835404111,53.5416234226399,100.0
184,RE,True,100.0,51.6341326046004,51.6341326046004,13.0430628105491,40.8987094410292,77.0224828934506,100.0
185,EVRG.K,True,100.0,71.1756362850362,71.1756362850362,66.299147557994,59.7731387715899,94.2889138884883,100.0
186,ES,True,100.0,76.0987421041372,76.0987421041372,84.2409708329657,78.3102034223669,59.3820535514302,100.0
187,EXC.O,True,100.0,55.0460747874712,55.0460747874712,50.7146092816053,53.9288602723298,63.8619450171271,100.0
188,EXPE.O,True,100.0,41.0191766722493,42.3831809307055,58.3852829727416,46.2222818952142,22.2226376461101,39.6551724137931
189,EXPD.O,True,100.0,56.4715756648015,56.4715756648015,59.1427303951185,51.2515689438765,60.0521987256235,100.0
190,EXR,True,94.0,33.1757053893761,33.1757053893761,23.7217290083532,59.5919038226731,19.4034693048629,100.0
191,XOM,True,100.0,33.692796655274,66.5919425168972,82.5644245404941,65.9058633534961,44.3891433903544,0.793650793650793
192,FFIV.O,True,100.0,69.0040876335078,69.0040876335078,41.791054742314,84.7109042742336,63.6426831713521,100.0
193,FDS,True,100.0,68.1815673264196,68.1815673264196,31.9314209423606,69.3635269865806,92.0463880072774,100.0
194,FAST.O,False,,39.1228049476051,39.1228049476051,60.6174142283563,29.3880253926025,26.0926514494847,100.0
195,FRT,True,100.0,71.3728419820864,71.3728419820864,64.0237078715909,69.8686126986931,81.3591359381839,100.0
196,FDX,True,100.0,49.5398457561643,72.9927349905896,76.2096609477124,68.2121639209391,75.3471662325876,26.0869565217391
197,FITB.O,True,100.0,79.0801898271971,79.0801898271971,66.5026808910508,80.7625719755244,81.7932446639602,100.0
198,FRC,True,100.0,44.0063617995921,44.0063617995921,11.3767732383642,49.1397287490873,49.9855583158901,100.0
199,FE,True,100.0,48.8825844978448,67.2096134401341,64.3737642176794,82.6792981774912,51.9199669597427,30.5555555555555
200,FIS,True,100.0,72.4816427278481,72.4816427278481,57.8703703703703,93.8333333333333,57.6108216947725,100.0
201,FISV.O,True,100.0,60.5858998141855,60.5858998141855,37.5005153576582,61.3604035243991,75.7560253040373,100.0
202,FLT,True,11.0,49.6386323003902,49.6386323003902,28.0800226594702,35.2907683273775,83.0630407923282,100.0
203,FMC,True,22.0,70.2948639202081,70.2948639202081,71.0086008596575,62.8537406075013,81.642498718156,100.0
204,F,True,100.0,53.7382551299902,80.095557879028,93.6689831041624,90.7296605646937,42.9557096499546,27.3809523809523
205,FTNT.O,True,98.13,62.9521510432664,62.9521510432664,65.7007137345678,73.0910239513952,53.3968861205428,100.0
206,FTV,True,100.0,52.3542127125745,52.3542127125745,36.4258695815491,56.1083659914265,66.5461123930881,100.0
207,FBHS.K,True,100.0,71.1022818614405,71.1022818614405,71.9469563476666,62.4648782532435,83.5361373488553,100.0
208,FOXA.O,True,99.0,49.3817095145459,77.0967523624251,39.6575342465753,83.4985131863309,81.1475066495657,21.6666666666666
209,FOX.L,,,,,,,,
210,BEN,False,,44.2168982710137,55.1004632086941,42.0197441439989,62.1670682132419,53.0573235909291,33.3333333333333
211,FCX,True,100.0,83.3216433169027,83.3216433169027,82.7549673308906,78.3992813836319,92.2010831763802,100.0
212,GRMN.K,True,100.0,62.4013525192617,62.4013525192617,46.1449177372098,65.4077526930346,68.6403365016934,100.0
213,IT,True,100.0,75.2963995736417,75.2963995736417,47.7821180555555,75.0306955828662,83.7794846877908,100.0
214,GNRC.K,False,,30.7923966128465,30.7923966128465,2.62841612733231,35.2970518771528,58.6830696267066,100.0
215,GD,True,81.276,63.0402967366378,63.0402967366378,34.1788009969828,62.3803410362761,85.100000228431,71.875
216,GE,True,100.0,53.8160700096693,78.4654733526721,79.4608855939069,69.9311249993844,90.8975579961573,29.1666666666666
217,GIS,True,100.0,54.9308064983869,77.8616129967738,82.5615357848007,92.7811560527162,46.9140429832879,32.0
218,GM,True,100.0,52.6551070148633,80.3102140297267,68.3745009972197,90.4555140406074,79.7168394789012,25.0
219,GPC,True,100.0,46.0886930284151,46.0886930284151,33.9762538181101,43.7171448744244,67.0909150521487,100.0
220,GILD.O,True,69.0,49.327437219049,85.0185108017343,73.7496022759783,87.9256650667519,88.9377965134572,13.6363636363636
221,GL,True,100.0,54.0324274050664,54.0324274050664,37.8809562530492,74.6148206266841,35.4034590305181,100.0
222,GPN,True,100.0,41.0905054527555,41.0905054527555,45.3104717496754,41.7273861008593,37.3227371056678,100.0
223,GS,True,52.0,41.9184208261808,82.6463654618854,91.5193933947967,81.3089954182043,81.1137917855649,1.19047619047619
224,HAL,True,100.0,77.1044450627205,84.208890125441,86.5961954986345,94.6485189725509,66.5762283852698,70.0
225,HIG,True,100.0,75.7066709355202,75.7066709355202,74.6783216783216,72.0424254146402,80.3244071289462,100.0
226,HAS.O,True,100.0,78.9165624142165,78.9165624142165,53.8443099418709,96.3964044582471,63.9292734931678,100.0
227,HCA,True,100.0,63.4025591132084,63.4025591132084,53.6224406224406,67.1509365177893,63.7945654730951,100.0
228,PEAK.K,True,100.0,88.3092983110142,88.3092983110142,90.6912398818456,78.9350329470255,94.3317600701226,100.0
229,HSIC.O,True,49.0,74.8018219722309,74.8018219722309,65.7842664092664,70.5527348625379,84.6046459293768,100.0
230,HSY,True,57.861,60.4177470831546,88.8354941663093,91.1296532197737,95.4573052875648,74.8709011035511,32.0
231,HES,True,100.0,60.0176579512188,80.3527762198979,75.9113829836385,84.836333197168,78.871143023614,39.6825396825396
232,HPE,True,100.0,75.3885702866836,77.2477288086613,61.3531914893617,73.8151557201763,96.6145985825427,73.5294117647058
233,HLT,True,59.243,81.0891580790722,81.0891580790722,91.1735964194276,72.6106539715816,84.7309197339882,100.0
234,HOLX.O,True,100.0,75.7269398601911,75.7269398601911,70.7024467245461,71.8958517907204,83.1159692816284,100.0
235,HD,True,100.0,72.5395167344954,72.5395167344954,86.562642877056,72.1491743104104,65.9616674677541,100.0
236,HON.O,True,100.0,81.5896613018376,81.5896613018376,78.7458243941302,77.988001555992,91.6233237972128,100.0
237,HRL,True,93.73,68.8184088912511,68.8184088912511,54.3505541379442,90.6877251790941,46.9477304225593,100.0
238,HST.O,True,78.0,81.6844849603698,81.6844849603698,92.0690234328301,79.4721447706522,71.6463316984012,100.0
239,HWM,True,100.0,65.2661661097067,65.2661661097067,52.6129759680433,81.8651947823021,52.0442666796307,100.0
240,HPQ,True,100.0,76.596422483323,79.6634332019401,59.5552071668533,80.8021743524894,94.3895331793663,73.5294117647058
241,HUM,True,100.0,88.4220043914274,88.4220043914274,81.8243785084202,92.126247251818,87.2757259004623,100.0
242,HBAN.O,True,100.0,76.6223375477276,76.6223375477276,74.5151864480957,77.3946755862186,76.4010878012151,81.4285714285714
243,HII,True,100.0,43.0563603646184,43.0563603646184,28.7513691128149,44.8186585580821,51.1577941759127,70.6896551724137
244,IBM,True,100.0,74.7663016750624,74.7663016750624,78.6781442901233,96.5574439479263,54.8281541555779,100.0
245,IEX,True,100.0,53.1395300721098,53.1395300721098,58.0523164991837,53.6442888602641,46.5823915040412,100.0
246,IDXX.O,True,100.0,73.9932725306693,73.9932725306693,67.8450905522728,79.657056688957,69.4051083121756,100.0
247,ITW,True,100.0,65.6440006714098,65.6440006714098,67.9359605412412,59.4821200793897,72.3126318260013,100.0
248,ILMN.O,True,100.0,58.3205309812208,69.4188397402194,77.2996437637321,90.4353212697872,38.0694305153158,47.2222222222222
249,INCY.O,True,100.0,46.3403571319987,46.3403571319987,23.5270059397966,40.204674434431,72.2395849265343,100.0
250,IR,True,100.0,41.4785559597338,41.4785559597338,34.7847450973262,41.7288268372367,49.1829960663412,100.0
251,INTC.O,True,100.0,45.8368481756682,86.1181407957808,89.9311904228113,83.7889284349289,85.3856816387501,5.55555555555555
252,ICE,True,100.0,68.3231886709898,68.3231886709898,48.2556699195977,59.4061208049477,81.8734127166207,100.0
253,IP,True,100.0,42.2347157988485,71.969431597697,74.0781498484711,75.2676109772745,63.1474818866704,12.5
254,IPG,True,100.0,47.8254128213909,64.7684727016054,61.1541397533764,62.5194342595827,68.9344842996782,30.8823529411764
255,IFF,True,100.0,76.7387879024792,81.4775758049585,89.794822593601,88.3635765958511,60.4311251931869,72.0
256,INTU.O,True,100.0,58.9728017175515,76.2789367684364,78.0555555555554,91.5,63.2393936513763,41.6666666666666
257,ISRG.O,True,100.0,57.0163652736313,57.0163652736313,46.9337016574585,42.7790858081402,80.4673595907421,100.0
258,IVZ,True,100.0,60.8542554679701,60.8542554679701,49.4228511267023,72.3412477296333,54.5835499716126,100.0
259,INVH.K,True,100.0,44.0618838697439,44.0618838697439,24.1452974866399,67.9240216933224,44.8940052490054,100.0
260,IQV,True,100.0,57.9515661349993,57.9515661349993,37.0742917420132,84.3418343375768,47.8252824790862,100.0
261,IRM,True,42.29,77.6174553689796,77.6174553689796,83.2680637438974,71.5863553464013,76.6876117305522,100.0
262,JBHT.O,True,100.0,71.0115405008712,71.0115405008712,67.9937704248366,82.5297894005704,59.6591410225036,100.0
263,JKHY.O,True,100.0,51.2852836258509,51.2852836258509,22.8515624999999,65.6527981819905,47.4433735402637,100.0
264,J,True,100.0,84.0061184421271,84.0061184421271,92.4942458779002,90.495691862579,63.181549986089,100.0
265,JNJ,True,100.0,45.5286786007452,88.7496648937982,92.6675916138124,97.3054059662144,73.0904389186771,2.30769230769231
266,JCI,True,100.0,68.1921561042198,78.3197960794074,95.4669884839926,95.0818799852221,35.7662107396149,58.0645161290322
267,JPM,True,100.0,45.8693578678893,82.6910966881595,85.0855894759542,83.0979893027594,81.172691970704,9.04761904761904
268,JNPR.K,True,51.0,84.4392372370974,84.4392372370974,88.8063144485187,80.8093591801457,85.5541062291663,100.0
269,K,True,100.0,76.7351054539288,81.4702109078576,80.6289358068749,90.7052458504478,66.4395253681295,72.0
270,KDP.O,True,100.0,69.9303065254075,69.9303065254075,73.0303293487243,62.0541095538071,80.6937302352037,100.0
271,KEY,True,100.0,71.6237328924726,71.6237328924726,61.1679590763594,73.2871280063497,73.5142535953539,100.0
272,KEYS.K,True,100.0,77.9734461532202,77.9734461532202,82.7560326090275,86.2695369060988,61.3572456413662,100.0
273,KMB,True,100.0,77.2741008066702,77.2741008066702,71.2013779870923,79.4389690044174,79.1373576861842,81.8181818181818
274,KIM,True,100.0,81.4271516297925,81.4271516297925,81.1691882017846,91.8522700669658,71.9400810964557,100.0
275,KMI,True,100.0,85.5166196089249,85.5166196089249,88.6786891421037,88.9948093964445,76.8807796779658,100.0
276,KLAC.O,True,100.0,58.2096597007648,58.2096597007648,49.5521014394476,60.4429999807516,64.9137181523675,100.0
277,KHC.O,True,100.0,56.4970466822395,64.9548776782046,65.3834215637735,68.2887525946441,58.7232844095637,48.0392156862745
278,KR,True,51.0,44.2050668479881,80.0768003626429,85.1109038142619,86.7884832311577,65.3481121387712,8.33333333333333
279,LHX,True,88.0,68.3868519641789,68.3868519641789,58.0526416244633,71.68489976629,71.494585859331,100.0
280,LH,True,100.0,66.3420904731947,66.3420904731947,54.0597870597871,77.0466928753707,59.6377192972873,100.0
281,LRCX.O,True,100.0,73.1108449177481,73.1108449177481,68.7482729996089,89.5259354878747,51.2610317788061,77.7777777777777
282,LW,False,,5.87427836595777,5.87427836595777,0.0,1.61127583839725,19.7015056022409,100.0
283,LVS,True,79.0,65.0658916999401,65.0658916999401,81.7948964761121,54.6834094539283,65.5835107704027,100.0
284,LDOS.K,True,100.0,83.9020988953538,83.9020988953538,72.569454410639,91.2113813266552,81.0077879249253,100.0
285,LEN,True,100.0,31.2574139230359,31.2574139230359,32.0835116384866,26.3311185574189,37.9013496324166,100.0
286,LNC,True,100.0,66.9632130222086,66.9632130222086,40.8667172620661,73.8193988011731,67.6631615334641,100.0
287,LIN,True,100.0,92.0107206041685,92.0107206041685,94.489237067133,94.0800816106619,84.1255909252624,100.0
288,LYV,False,,27.7835337627534,47.2337341921735,17.7072819033886,47.1818462488421,57.1442040804881,8.33333333333333
289,LKQ.O,True,66.67,42.4236211330797,42.4236211330797,40.5528156550812,36.4520777512561,55.2275477923878,100.0
290,LMT,True,100.0,59.5954137007523,71.3647404449828,83.9524394560168,71.6799341337404,61.7064986143532,47.8260869565217
291,L,False,,35.3783769309095,35.3783769309095,47.4780542454961,35.457134805451,31.2532669724155,100.0
292,LOW,True,92.0,84.8721529687182,84.8721529687182,72.5530229532571,86.7017372815594,88.9988465177364,100.0
293,LUMN.K,True,100.0,53.5016215034122,53.5016215034122,51.8712114218899,45.9796049889013,69.8374245755706,97.3214285714285
294,LYB,True,100.0,72.0001870254366,80.0003740508733,76.0060504846638,80.2108845356656,86.7003140297233,64.0
295,MTB,True,100.0,47.6831333591663,66.7948381469041,70.8226455881428,67.7238201521112,63.9037844076788,28.5714285714285
296,MRO,True,73.0,75.8270626356949,75.8270626356949,65.8434391160829,77.8624761291563,86.8398897344534,100.0
297,MPC,True,51.0,55.1705234492037,79.3065641397867,73.3832004296361,83.0386038122847,81.3386934987203,31.0344827586206
298,MKTX.O,True,100.0,55.0171497971828,55.0171497971828,24.6105149832728,64.6190759383076,56.0308470555171,100.0
299,MAR.O,True,100.0,45.4646177838414,83.1706148780278,87.6131472796401,89.1818832796276,70.155433114177,7.75862068965517
300,MMC,True,100.0,56.8065794703308,56.8065794703308,41.0178529480855,65.6216693782781,51.7852167518073,64.7058823529411
301,MLM,True,100.0,45.7472468645743,45.7472468645743,23.6543552837646,40.4842239472589,92.2924491559494,100.0
302,MAS,True,51.0,71.3076030170535,71.3076030170535,68.5574701920855,73.8674077104928,70.8724150031237,100.0
303,MA,True,100.0,49.302141723901,76.1042834478021,74.9107831790122,76.9073998772462,75.7707610475287,22.5
304,MTCH.O,True,100.0,45.9337512312295,46.867502462459,29.3880208333333,68.7325119743366,33.2831443159687,45.0
305,MKC,True,100.0,71.4568897789771,71.4568897789771,93.2593750383234,73.2996773919141,44.2902285068993,100.0
306,MCD,True,100.0,39.5103033179742,78.1585376704311,92.4027003090171,82.4699248120301,58.8717105833054,0.862068965517241
307,MCK,True,42.105,46.1786841310046,67.3573682620092,54.7077922077921,70.8958035517911,71.345729074261,25.0
308,MDT,True,100.0,37.1327716115132,70.0988765563597,77.9090850914055,89.0007726818532,41.5666160081053,4.16666666666666
309,MRK,True,100.0,63.9213061269621,76.3041507154626,82.2944981375213,92.6548498600531,47.4760177732039,51.5384615384615
310,META.O,True,100.0,33.4210955293021,66.3421910586041,49.1189236111111,67.0979594723131,70.8583707143803,0.5
311,MET,True,51.0,66.6212055431961,66.6212055431961,83.1853959993494,81.0623055086116,44.2518587648267,100.0
312,MTD,True,99.0,63.1871994683587,63.1871994683587,55.6415264423076,54.8524914552977,86.3773035865412,100.0
313,MGM,True,51.0,69.4032786716479,69.4032786716479,89.2797189573403,56.7830567202422,70.4448153416332,72.0930232558139
314,MCHP.O,True,30.769,70.1118779762819,70.1118779762819,71.1339288877329,73.7167442237202,62.9373875742678,100.0
315,MU.O,True,100.0,72.8276587850361,72.8276587850361,64.3329481421558,80.9039135554287,69.6954911853446,100.0
316,MSFT.O,True,100.0,57.8235423790196,93.1470847580392,78.0878665123456,97.2252300725397,94.1531139887052,22.5
317,MAA,True,100.0,70.9643890429255,70.9643890429255,59.4318317922664,75.996412695609,79.6945280725642,100.0
318,MRNA.O,True,100.0,50.7769183758107,58.3105935083783,37.0742917420132,56.8662765243375,73.7840612714144,43.2432432432432
319,MHK,True,100.0,53.1592608468406,53.1592608468406,52.8476211288711,56.282859106257,48.8720297580115,100.0
320,MOH,True,100.0,54.177852227118,54.177852227118,37.7313677313677,45.7112805809267,72.5609804504225,100.0
321,TAP,True,0.0,65.957733806926,65.957733806926,57.8049383885756,64.6144553522146,78.2112281339993,75.0
322,MDLZ.O,True,100.0,46.3607977149396,74.0941444494871,88.5182046692311,83.9364111219935,41.2224285680487,18.6274509803921
323,MPWR.O,False,,34.9159709338292,34.9159709338292,16.4288045987993,37.1903894252379,53.3477800250409,100.0
324,MNST.O,True,100.0,39.4412087479783,39.4412087479783,15.7505252749969,44.2842088293947,58.9642898769519,100.0
325,MCO,True,90.0,69.0090638759196,70.9968511560945,64.354772211915,64.6900985735045,83.7049347169965,67.0212765957446
326,MS,True,72.652,31.7649182936046,62.247785305158,79.0660764207225,72.9033406862986,48.2042734264143,1.28205128205128
327,MOS,True,100.0,69.0138427956536,69.0138427956536,44.7443665508366,78.6989391338468,95.4790598106697,100.0
328,MSI,True,100.0,54.8126320890778,84.6252641781557,70.0678269551895,92.2971245542296,85.2878611214967,25.0
329,MSCI.K,True,100.0,65.8953985178202,65.8953985178202,70.4883212026069,62.7381973024745,66.7145541914113,100.0
330,NDAQ.O,True,100.0,73.8345087276328,78.6213984076466,45.2358665057109,83.0770269264821,84.8745272289883,69.047619047619
331,NTAP.O,True,100.0,66.7831162672427,66.7831162672427,53.8835386338186,61.8362000963609,86.3547647998356,73.5294117647058
332,NFLX.O,True,100.0,23.8861879586722,34.7723759173444,35.9505208333333,33.1203111374398,35.8415437807988,13.0
333,NWL.O,True,100.0,49.9559147490347,74.9118294980694,57.4435208866155,84.0088551760668,84.5068300981338,25.0
334,NEM,True,100.0,76.7899172748528,86.9131678830391,88.0326867120236,78.2933017160244,99.4355271129908,66.6666666666666
335,NWSA.O,True,100.0,31.6767421423374,60.0201509513414,62.5270367700072,45.7922541250728,77.9179198330398,3.33333333333333
336,NWS.O,True,100.0,31.6767421423374,60.0201509513414,62.5270367700072,45.7922541250728,77.9179198330398,3.33333333333333
337,NEE,True,100.0,67.3750054105639,79.9113011437085,79.1695161178907,78.1261402273366,83.4930448788822,54.8387096774193
338,NKE,True,100.0,67.9986863707347,69.3307060748028,78.5865908876924,78.8961435302898,45.7725864006548,66.6666666666666
339,NI,True,100.0,48.2249878124915,64.3071184821259,57.8648008911166,53.9014687882497,90.8180547071656,32.1428571428571
340,NDSN.O,False,,58.2885792935529,58.2885792935529,43.2867413035882,77.0906218665865,51.6392179524222,100.0
341,NSC,True,100.0,65.4786382276164,65.4786382276164,73.3471200980392,52.3138626079801,73.1506682886363,100.0
342,NTRS.O,True,100.0,75.2813913669645,75.2813913669645,75.7362737966367,82.7521193570838,68.8363118908509,100.0
343,NOC,True,86.0,80.8891781063704,81.3435736040451,82.4494254598823,89.6653146084162,69.2520333260618,80.4347826086956
344,NLOK.O,True,100.0,79.0237000943591,79.0237000943591,77.0427504677999,72.4496766658059,85.2789496013585,100.0
345,NCLH.K,True,100.0,64.2961229661966,64.2961229661966,76.2849434508143,70.9307340021962,43.5542679760411,100.0
346,NRG,True,100.0,74.0174861435064,74.0174861435064,80.2764748583195,63.0973919732643,77.5733277496388,79.0322580645161
347,NUE,True,100.0,58.0325128226275,58.0325128226275,45.2932726188539,66.0954420363873,63.0778453477074,100.0
348,NVDA.O,True,26.437,59.0680200641562,79.2471512394237,68.7515713108735,83.0581706605721,85.5536651087892,38.8888888888888
349,NVR,False,,32.4742634580691,32.4742634580691,9.12544070918779,23.8956843275246,76.2675070028011,100.0
350,NXPI.O,True,100.0,76.847136341438,76.847136341438,67.6235488583692,79.5819121575779,83.4030612244898,100.0
351,ORLY.O,False,,41.5152872103599,41.5152872103599,12.7274470089103,36.0538994205883,61.9774159663865,100.0
352,OXY,True,68.922,48.9237102053767,70.0696426329757,62.54529724858,81.815638938156,60.1583224525185,27.7777777777777
353,ODFL.O,False,,33.0272390252673,33.0272390252673,23.5983455882353,41.2650913856313,33.6327030812325,100.0
354,OMC,True,31.52,75.3916664847569,75.3916664847569,55.8651766402307,75.6906813705045,81.5067935000313,100.0
355,ON.O,True,100.0,76.4975161504758,76.4975161504758,58.2868542460107,83.5686886003952,86.6828758934671,100.0
356,OKE,True,100.0,69.6865192064577,69.6865192064577,71.7006802721088,66.7876591516089,71.4594878189829,100.0
357,ORCL.K,True,100.0,48.4517194305968,56.4034388611936,77.9056208009098,75.9788491929665,33.0961809380296,40.5
358,OGN,,,,,,,,
359,OTIS.K,True,100.0,68.6864943377145,68.6864943377145,47.0839974399312,68.8870870649171,94.3464912616112,100.0
360,PCAR.O,True,100.0,69.0647714240556,69.0647714240556,84.080820493374,51.7821333911874,73.7049712950787,100.0
361,PKG,True,100.0,73.4682897601891,73.4682897601891,76.3320280853362,71.5865485516046,72.2657302650649,100.0
362,PARA.O,True,100.0,44.3589169939053,67.051167321144,57.4729632299927,81.2114453056588,51.5995360052497,21.6666666666666
363,PH,False,,64.8150331717493,64.8150331717493,70.043514565682,61.6809566704695,62.6499780229304,100.0
364,PAYX.O,True,100.0,62.0783201635668,62.0783201635668,59.1268741343601,65.1129969099512,60.2666898747428,100.0
365,PAYC.K,True,51.0,44.6588882205281,44.6588882205281,10.7769097222222,72.8498959234355,30.5478918036273,100.0
366,PYPL.O,True,100.0,54.8815544081639,81.7631088163278,50.8550347222221,79.6125137646844,92.8874323390302,28.0
367,PNR,True,100.0,69.8833403825617,69.8833403825617,68.1121841015204,76.1519705897473,63.7898572037234,100.0
368,PEP.O,True,100.0,87.1319128376721,87.1319128376721,82.0764181681326,88.4154850173024,90.8381598219111,100.0
369,PKI,True,100.0,77.478070907627,77.6834145425267,68.3035714285714,78.1057703884091,81.5045727986275,77.2727272727272
370,PFE,True,100.0,43.6537507133799,81.1536552729137,78.5192036645524,90.3605235423177,69.3264333164362,6.15384615384615
371,PCG,True,100.0,39.4983572719055,77.3838113180045,81.8645638376234,88.6883347626119,55.0706515566628,1.61290322580645
372,PM,True,100.0,85.3367222927318,85.3367222927318,96.1197562175785,88.6539949958863,67.7438749160611,100.0
373,PSX,True,25.741,53.6561056592501,76.2777285598794,87.2796567600694,74.3231664869986,63.6272028962391,31.0344827586206
374,PNW,True,100.0,62.7741863446158,62.7741863446158,71.3726765402562,66.8276493005455,42.8872511693184,100.0
375,PXD,True,100.0,54.9222325334368,54.9222325334368,33.3441588666406,52.9834409367186,90.0275855922192,100.0
376,PNC,True,100.0,77.8163615744655,77.8163615744655,57.6650698758749,78.5640313384085,84.8467554680246,100.0
377,POOL.O,False,,48.3480146221039,48.3480146221039,18.5416666666666,33.4314502148101,79.9115896358543,100.0
378,PPG,True,100.0,80.1158900704862,80.1158900704862,83.5900278963793,75.0817497734426,82.5083176369546,100.0
379,PPL,True,40.831,52.6622836411675,52.6622836411675,31.2621832358674,67.2858017135863,70.2220884669076,67.8571428571428
380,PFG.O,True,62.0,74.5692427894583,74.5692427894583,90.7739030501594,80.2903196966423,64.8767131007369,100.0
381,PG,True,100.0,42.2899469127815,73.0414322871014,84.9607444603858,79.1292076344707,49.2847791605991,11.5384615384615
382,PGR,True,100.0,59.0880279656771,59.0880279656771,9.00715563506261,53.7731234525654,81.9823740078454,100.0
383,PLD,True,10.714,68.3126392931087,68.3126392931087,58.7088353008852,74.5907352999602,73.6226426998256,100.0
384,PRU,True,100.0,66.6415989225661,66.6415989225661,77.4986538009793,75.6004775295075,52.5705555883299,100.0
385,PEG,True,100.0,64.9328206430435,64.9328206430435,73.4509885825675,56.9736842105263,61.0082139051751,100.0
386,PTC.O,True,100.0,53.9810979563131,53.9810979563131,17.7777777777777,67.7378180670987,52.9960294700303,100.0
387,PSA,True,94.7,68.5527249603183,68.5527249603183,71.4793068065215,62.0166396145561,71.275037381047,100.0
388,PHM,False,,55.745147369058,55.745147369058,32.6272370048891,68.9064587476209,65.1790430160624,100.0
389,QRVO.O,True,100.0,65.9057216641869,65.9057216641869,60.876253081137,60.1107202623825,81.5028362768244,100.0
390,PWR,True,100.0,70.9219246910223,70.9219246910223,68.387838085912,60.7108196709579,88.5382795213769,100.0
391,QCOM.O,True,100.0,54.1641570788601,69.4394252688313,67.8057805557401,87.8676824134324,40.993174635949,38.8888888888888
392,DGX,True,97.5,81.915243309401,81.915243309401,71.4766584766585,87.3935476666699,80.5605704970495,100.0
393,RL,True,100.0,81.1382528263831,81.1382528263831,83.1861854302051,89.4102429583344,64.5380470998521,100.0
394,RJF,True,100.0,72.3043427259623,72.3043427259623,80.9307841817084,66.7928663859462,74.3705458652519,100.0
395,RTX,True,100.0,55.6827800836121,70.7405601672243,74.2745638200184,63.415300546448,78.0787538633388,40.625
396,O,True,100.0,85.3853434569575,85.3853434569575,95.3428601876406,74.9154713340291,83.5982872087992,100.0
397,REG.O,True,100.0,83.2275615113875,83.2275615113875,83.6813874978011,94.9988287517744,71.6461858404308,100.0
398,REGN.O,True,100.0,67.4034606567258,67.4034606567258,55.9034056660639,95.9603684160869,49.0516480253047,81.0810810810811
399,RF,True,100.0,82.5990145170429,82.5990145170429,79.0325586934759,79.6728144543347,88.0572502662011,100.0
400,RSG,True,100.0,69.8755605895349,69.8755605895349,81.3238348952634,66.0010732744352,66.8125023670414,100.0
401,RMD,True,51.0,74.5254734367593,74.5254734367593,77.6688922545276,82.334996015227,62.776006593485,100.0
402,RHI,True,100.0,80.201823180623,80.201823180623,65.6411049268191,80.5381436454256,89.9645831421492,100.0
403,ROK,True,100.0,63.5818964132199,63.5818964132199,82.0051335987779,65.9765389074677,38.3343694092032,100.0
404,ROL,False,,13.7998222571909,13.7998222571909,3.04813998770239,9.34656218402426,27.0162766059905,100.0
405,ROP,True,100.0,58.6195675085623,58.6195675085623,35.9567901234567,52.9435546195432,70.3060784896382,100.0
406,ROST.O,True,100.0,62.9162688014524,62.9162688014524,49.3315162578246,61.7524488285806,71.0017783764571,100.0
407,RCL,True,100.0,79.690620348196,79.690620348196,79.5858020481542,79.4675414295697,80.1195751961731,100.0
408,SPGI.K,True,100.0,77.3433932154694,87.3398476554287,79.1617358325443,94.8718123964811,83.4403487623255,67.3469387755102
409,CRM,True,100.0,55.9061172763733,66.8122345527467,76.8725887345678,76.9777811089177,55.0404632081641,45.0
410,SBAC.O,True,100.0,61.3294730383309,61.3294730383309,67.2064694357688,67.458081528116,48.7188948259109,100.0
411,SLB,True,100.0,80.286753094065,80.286753094065,73.4643487024439,80.6808344485528,87.6857536245734,91.9354838709677
412,STX.O,True,51.0,62.4774531247967,62.4774531247967,51.027915232358,67.9512601437766,62.2571121846484,100.0
413,SEE,True,100.0,61.0065091827626,61.0065091827626,52.5585488641306,59.3061687633039,76.8411807154145,100.0
414,SRE,True,77.232,77.4898378915051,77.4898378915051,79.5284048680787,84.7931659246884,63.3523138194435,100.0
415,NOW,True,100.0,50.7217246617471,50.7217246617471,49.2491319444443,66.4287271580078,37.6380281051578,81.0
416,SHW,True,100.0,78.0290625087713,78.0290625087713,82.1363407637025,66.3147787350644,90.6220739860629,100.0
417,SBNY.O,True,100.0,50.2260633769452,50.2260633769452,28.0959837625655,51.4147140016564,57.4403988064284,100.0
418,SPG,True,100.0,68.7157961886827,68.7157961886827,65.0941427817761,67.7231141886905,73.8730765967333,100.0
419,SWKS.O,True,100.0,53.2796471009288,53.2796471009288,47.9268585638,52.8120047692151,60.4746031928111,100.0
420,SJM,True,100.0,68.9747555202053,69.3220600600185,60.9706935293446,80.4916344250131,59.2100208686855,68.6274509803921
421,SNA,False,,42.1272233762526,42.1272233762526,24.6022154133515,42.9616550596931,62.0632002801121,100.0
422,SEDG.O,True,100.0,65.5974792781967,72.86162522306,61.2185129370897,65.4111359991151,92.0175438596491,58.3333333333333
423,SO,True,100.0,49.6004259530188,70.1685938415216,65.51340933394,65.6746253082245,83.9245665976963,29.0322580645161
424,LUV,True,100.0,41.960269141641,71.7583761211198,83.5064661769207,76.5061046106577,51.8457656723635,12.1621621621621
425,SWK,True,100.0,83.0799430139325,83.0799430139325,93.0987303484583,86.5019009997507,66.5708310755399,100.0
426,SBUX.O,True,100.0,37.5833739449298,69.3527944014875,86.5371229968962,69.0470038434661,54.3455845026518,5.81395348837209
427,STT,True,100.0,79.3275735698476,79.3275735698476,84.0149153081908,78.5778758229168,78.5544491457529,100.0
428,STE,True,100.0,58.5617250863324,58.5617250863324,50.3040194572452,78.9682179810631,35.5467720685112,100.0
429,SYK,True,100.0,80.9355757783267,80.9355757783267,51.913650035197,82.9933937724269,91.7696807662222,100.0
430,SIVB.O,True,100.0,50.7934734484676,50.7934734484676,16.6687762377908,51.5998239002689,63.3323805991455,100.0
431,SYF,True,100.0,64.4588461200359,64.4588461200359,28.5208262614756,82.6415631709174,53.7823105711343,100.0
432,SNPS.O,True,100.0,75.2589737846543,75.2589737846543,71.5519723763659,67.6230245225132,82.9464749606511,100.0
433,SYY,True,100.0,72.0018526949907,72.0018526949907,73.7021736555317,80.1843457130226,57.5950653922515,100.0
434,TMUS.O,True,100.0,49.728705723977,55.7074114479541,70.5275119576328,63.3746410029566,28.9682795607783,43.75
435,TROW.O,True,84.6,60.3552722010535,60.3552722010535,49.8516860534209,78.0200603738635,48.5894158105259,100.0
436,TTWO.O,True,100.0,54.1415854675741,54.1415854675741,22.2159090909091,70.3701168309602,43.3981984196675,60.0
437,TPR,True,100.0,61.9095688294873,61.9095688294873,71.3523042684603,77.7096154605756,39.632593742125,100.0
438,TRGP.K,True,100.0,53.3947474438804,53.3947474438804,71.4285714285714,38.6453513309763,53.3322050445376,100.0
439,TGT,True,51.0,89.1490588723543,89.1490588723543,92.25923318811,93.9302233381789,81.566161900301,100.0
440,TEL,True,100.0,71.9478703744507,71.9478703744507,63.3407886165525,77.8790127673366,74.4999817910339,100.0
441,TDY,False,,41.2881516644581,41.2881516644581,26.9108997334803,42.6820126350201,58.4685631232872,100.0
442,TFX,True,100.0,67.8564345778641,67.8564345778641,47.9843853324516,82.2722510123749,58.1492325869505,100.0
443,TER.O,True,100.0,46.3469597725571,46.3469597725571,37.6405185774886,59.0026907072361,35.9127331644191,100.0
444,TSLA.O,True,51.0,34.2768563744753,64.9822841775221,73.3948503772292,58.1935471955856,64.7832595726798,3.57142857142857
445,TXN.O,True,100.0,83.0041102309193,83.0041102309193,97.5706155755946,89.7269913407498,54.431549986089,100.0
446,TXT,True,100.0,73.9566474310155,77.2236396896173,70.8731396172927,74.4337211352017,85.6625626719746,70.6896551724137
447,TMO,True,100.0,77.1435410444978,77.1435410444978,73.7908231830883,85.9402547018296,67.1258030643354,100.0
448,TJX,True,100.0,45.7188124001507,73.2558066184833,94.0019668732779,90.6104082852665,37.5355415827277,18.1818181818181
449,TSCO.O,True,100.0,79.2614070573042,79.2614070573042,83.4244736746208,72.105978622947,85.1303497868206,100.0
450,TT,True,100.0,81.7395397979627,81.7395397979627,68.4159043058301,93.8128665128188,81.8984295845998,100.0
451,TDG,True,100.0,43.1529971741883,43.1529971741883,33.1095767804628,42.3365129201364,51.6249618961908,100.0
452,TRV,True,90.0,64.6768695723599,64.6768695723599,35.0112755461592,69.6850563224597,68.7225163726436,100.0
453,TRMB.O,True,100.0,63.5347931992444,63.5347931992444,69.2597415123456,85.430139365367,42.9629828400418,100.0
454,TFC,True,100.0,59.5683667049331,59.5683667049331,24.2468351638657,69.5429612783627,59.954204575746,100.0
455,TYL,True,100.0,61.4153516340924,61.4153516340924,31.8880208333333,68.3611579618483,64.2924398698637,100.0
456,TSN,True,100.0,33.2090953408055,63.4181906816111,68.8935324000834,68.7435425747092,48.1942901315492,3.0
457,USB,False,,50.5247214837023,55.9601572531188,54.8291773006168,61.072699860601,49.3686016415888,45.0892857142857
458,UDR,True,22.0,57.4484013809944,64.8968027619887,59.0824426755487,71.9042922889077,65.1009688070062,50.0
459,ULTA.O,True,100.0,60.9354578419844,60.9354578419844,30.7641719386861,60.8610972570767,76.1037236657533,100.0
460,UNP,True,100.0,72.1471578724551,72.1471578724551,44.0272671568627,94.0312740939548,77.4416756432161,100.0
461,UAL.O,True,100.0,49.7241113116819,49.7241113116819,50.5214027415692,50.9289564882557,47.0732908955166,96.0526315789473
462,UPS,True,100.0,69.5208888750942,69.5208888750942,73.1520629084967,61.9620093824529,74.9900233754448,100.0
463,URI,True,100.0,74.6380602021714,74.6380602021714,73.3248497534211,89.075618294484,57.1093166205639,100.0
464,UNH,True,97.0,39.9644859600371,73.9289719200742,78.6888532477947,58.5882800608828,89.9578614872436,6.0
465,UHS,False,,35.2824099968007,35.2824099968007,18.5859395883453,57.0733975985117,17.4814600789752,68.0
466,VLO,True,99.987,69.2749153480701,69.2749153480701,62.3063150766179,70.1565011851915,77.9233676700009,100.0
467,VTR,True,95.0,85.137363554884,85.137363554884,89.9719491064564,79.0416822621185,85.2201811807017,100.0
468,VRSN.O,True,100.0,53.139290828998,53.139290828998,18.8064236111111,57.0369141985413,60.0828642039239,100.0
469,VRSK.O,True,100.0,70.0655160733966,70.0655160733966,65.3925540123456,81.5484376821628,61.5793333063854,100.0
470,VZ,True,100.0,58.1639437937752,73.1460694057322,71.6488216881447,75.2388278029709,70.0968160925316,43.1818181818181
471,VRTX.O,True,100.0,70.773881002366,70.773881002366,57.2325195901145,95.8237425685007,56.9782480724999,100.0
472,VFC,True,100.0,74.4704365791485,74.4704365791485,76.4243557829084,76.5891089677496,69.3134104978547,100.0
473,VTRS.O,True,100.0,44.1239402114881,70.066062241158,70.8440928337716,88.6372098817141,41.7419580548549,18.1818181818181
474,VICI.K,True,100.0,54.9063552491982,54.9063552491982,34.2084650334637,54.2248081127562,79.6937908678812,100.0
475,V,True,100.0,35.4784779677551,54.4569559355102,46.7689762990602,75.2568365469479,38.8523415221516,16.5
476,VNO,True,100.0,62.06938647633,62.06938647633,73.3242628340761,61.1025323885616,49.8464659524756,100.0
477,VMC,True,100.0,51.7303377147052,51.7303377147052,65.2535266965235,42.2419231055758,41.3867180387495,100.0
478,WAB,True,100.0,62.2078042798269,62.2078042798269,58.2876744141675,78.5561511930999,45.4774608323269,63.4146341463414
479,WBA.O,True,100.0,49.9002224029605,88.1337781392543,86.929686883045,96.0799800503942,76.4272736525707,11.6666666666666
480,WMT,True,76.575,45.6102186155155,86.0480234379276,87.555661577608,82.7129978676546,90.159425918785,5.17241379310344
481,WBD.O,False,,50.5163050855042,50.5163050855042,10.8461538461538,55.0397061031498,57.7838774920543,92.6470588235294
482,WM,True,100.0,45.4730191574566,87.8848138251173,69.6577309785702,92.2256367156127,95.0971647909564,3.06122448979591
483,WAT,True,100.0,74.2953657862323,74.2953657862323,74.6259652509652,71.6909372619433,77.5702502596709,100.0
484,WEC,True,100.0,66.4022711714826,66.4022711714826,64.0996097868157,69.8030628619167,65.8957663278519,100.0
485,WFC,True,88.3,39.1248506433178,72.4461298580642,80.2739065912919,81.874272616777,56.3251335861023,5.80357142857142
486,WELL.K,True,10.0,68.346318690149,68.346318690149,86.8133036548173,71.394653949189,43.9394547937153,100.0
487,WST,True,100.0,80.8708912479118,80.8708912479118,50.7347639668081,84.0948800724944,90.6894986933931,100.0
488,WDC.O,True,100.0,65.309878483004,65.309878483004,58.8868980963045,79.6348999837372,45.1160737956128,100.0
489,WRK,True,100.0,73.5725963992853,73.5725963992853,70.9496054250307,73.9969173726723,76.8755275771254,100.0
490,WY,True,100.0,77.6216634500029,77.6216634500029,77.2739167306421,79.6803598238731,76.0944808049014,88.8888888888888
491,WHR,True,100.0,80.0569773248395,80.0569773248395,94.0057544757033,83.9830937367392,55.5476214146604,100.0
492,WMB,True,100.0,70.683188110004,71.3663762200081,76.1556643751765,62.9768727711136,77.7106116107389,70.0
493,WTW.O,False,,35.7317477775012,64.6007504569633,42.3957644422761,61.768064014451,75.3072133114567,6.86274509803921
494,GWW,True,77.986,77.1366655634447,77.1366655634447,79.3018126790946,79.6642932343881,71.2244883005393,100.0
495,WYNN.O,True,52.344,75.2257492120591,75.2257492120591,74.8612979927376,78.2059819140793,71.0834062564183,100.0
496,XEL.O,True,100.0,44.1156107992362,81.7796086952466,87.5469318196365,80.7375368068289,73.3298528387268,6.45161290322581
497,XYL,True,100.0,84.0216086747479,84.0216086747479,75.5993697642841,83.9812578011414,94.181199846033,100.0
498,YUM,True,100.0,77.7189681948689,77.7189681948689,88.1164789658328,87.5247816212438,53.6524883614392,100.0
499,ZBRA.O,False,,42.9428381678346,42.9428381678346,8.95161290322581,61.270635664849,67.2763170567273,95.4545454545454
500,ZBH,True,100.0,68.0585648392102,68.0585648392102,42.2068516819898,81.0606777754852,63.0032489464844,100.0
501,ZION.O,True,100.0,51.8363380108855,51.8363380108855,40.7142286833846,45.9770835986069,64.3579322654699,100.0
502,ZTS,True,100.0,68.3605435522653,68.3605435522653,64.1705678042886,78.0644884945892,56.9311858258644,100.0
