,Instrument,2021,2020,2019,2018,2017,2016
0,MMM,89.86282164,92.7327176,88.54014593,85.98453121,87.23351211,88.12838897
1,AOS,,53.96630087,53.69553375,41.06362202,40.23491602,39.33860917
2,ABT,82.20365384,82.96599511,80.95210032,77.68398663,81.99323721,79.34518926
3,ABBV.K,82.81910766,81.51091598,78.77465849,75.53719032,79.48700727,75.1160253
4,ABMD.O,25.96358672,25.31960535,20.89080044,20.54813071,25.89260141,21.01322708
5,ACN,80.68810664,78.26480741,77.51134961,77.80168624,82.17246556,78.80578029
6,ATVI.O,67.71604047,63.6408295,59.53946021,51.78205366,43.98618167,52.81378121
7,ADM,83.61803662,83.94737705,80.86055216,76.27064493,78.70870713,55.1718231
8,ADBE.O,,77.89088545,66.09853742,78.99660842,79.08254346,78.61359508
9,ADP.O,77.72332405,81.32964372,78.6788614,68.61962782,62.91834434,63.47596414
10,AAP,66.27867277,57.84315734,43.2279568,62.96692577,54.87309015,33.36983385
11,AES,,71.1117163,69.61969538,65.72305094,60.70398659,64.65284848
12,AFL,,55.06852411,59.55123233,54.84445662,60.25848099,51.54328983
13,A,88.61959776,87.59431467,88.29998563,89.40197302,87.50329928,88.47622397
14,APD,,81.63155975,80.2680955,85.13944624,78.93490282,73.12856908
15,AKAM.O,,59.00288602,57.56025685,51.81338701,61.07724688,65.35949605
16,ALK,56.0721629,50.12757501,55.45569499,55.20881125,61.68504064,64.8622947
17,ALB,69.7468849,71.26707291,65.57284251,69.09205383,69.37370864,58.38488585
18,ARE,74.32288489,73.7828804,75.75294512,72.90280681,69.20214048,41.63804685
19,ALGN.O,53.2662199,52.16372197,49.31691768,30.13929899,21.93550376,20.22656771
20,ALLE.K,62.61006268,73.20751564,59.59330055,59.85378951,43.98359277,34.50178462
21,LNT.O,53.85760691,56.82339252,56.12798389,57.23104018,60.3457627,61.24722987
22,ALL,72.13694721,72.61071979,76.70629996,70.85077686,83.13827152,77.73490878
23,GOOGL.O,82.26524877,77.77420331,69.1370405,66.29365312,63.45090753,62.27391489
24,GOOG.O,82.26524877,77.77420331,69.1370405,66.29365312,63.45090753,62.27391489
25,MO,87.46660754,83.03477467,88.27585188,87.12697711,87.04930409,86.29507767
26,AMZN.O,82.82295069,86.87295326,87.81909511,85.2917151,72.24140535,65.28808345
27,AMCR.K,76.31929992,74.48825396,68.7555743,75.46170263,70.43098054,74.89516987
28,AMD.O,69.75252415,66.54005305,66.17623415,69.78825277,70.60024059,71.72747585
29,AEE,48.65601175,39.40020056,43.05527531,45.59762787,45.78775934,45.40208838
30,AAL.O,68.64427815,62.07535055,69.51938269,69.62213218,72.02994484,70.50001974
31,AEP.O,75.5968677,73.29927159,62.56480685,67.09581793,61.67537834,62.94611196
32,AXP,72.15014611,75.75938487,78.38677219,72.04753066,72.57429595,67.80133637
33,AIG,66.52259687,60.81659186,64.01801367,63.19910411,67.94970187,67.68754604
34,AMT,81.093139,69.28327462,71.83550262,73.60523097,61.31502048,58.883001
35,AWK,80.94439659,81.57580288,72.75293768,65.14823949,66.70332358,74.31126831
36,AMP,76.96507121,80.49016285,65.95510359,69.73657876,65.49343236,67.00419787
37,ABC,76.7718861,75.67537169,66.32537972,64.07127454,55.84084922,56.25481243
38,AME,,47.82625818,46.43318728,42.16859374,26.12170257,30.77832612
39,AMGN.O,81.00578328,76.2890511,73.51244376,71.91872766,74.6191173,66.85805446
40,APH,75.35085828,71.73184706,66.09247089,67.99951843,60.30740798,57.12512027
41,ADI.O,74.93435558,73.16783368,72.54617033,77.18298059,71.6918256,69.87969455
42,ANSS.O,62.81598676,62.44898542,59.28325406,45.63622407,43.38356014,53.54547289
43,AON,59.99654248,58.36869637,58.20173624,49.27129058,50.03357754,50.10782745
44,APA.O,65.47791877,62.97977979,57.81964583,58.81831341,48.62116391,38.58084765
45,AAPL.O,79.79340894,77.1041814,70.67390148,72.14342116,68.27099091,61.55806605
46,AMAT.O,80.77676984,78.26438245,76.84586718,80.17814763,73.37659979,69.55522694
47,APTV.K,,60.73817524,65.05063005,56.3125496,43.10089918,41.0965567
48,ACGL.O,60.02146831,42.29075391,38.60064128,33.76175929,28.87618932,24.54094343
49,ANET.K,63.38880638,63.20398614,59.25195319,44.70507855,41.88576472,32.17923851
50,AJG,,54.10885399,57.62935522,53.17530111,57.61886745,52.53371809
51,AIZ,,63.81453059,64.09278406,61.3554485,64.71165304,54.16121256
52,T,76.16422332,75.81777388,69.35674964,63.56268813,62.42620809,60.49431327
53,ATO,42.00784581,39.54647618,41.13290396,30.99542947,25.92941939,22.76543653
54,ADSK.O,79.79992469,81.74324741,82.27677032,80.28172768,81.83455576,82.31496324
55,AZO,,70.77486246,59.27299682,55.86851889,61.71958152,60.39052464
56,AVB,77.22628624,75.70174701,76.3130396,76.40065461,76.8574224,75.52178083
57,AVY,69.90848074,59.38260922,53.99472019,53.03494635,55.44848063,68.47320682
58,BKR.O,91.98578881,85.27550307,78.38838645,83.34658241,81.14007964,69.2210063
59,BALL.K,74.03203574,74.9076046,72.50081396,73.85025264,76.66894016,78.71239615
60,BAC,74.26899859,81.55427427,80.94376392,75.47930992,73.85969763,69.91846793
61,BBWI.K,59.16313389,54.47972515,52.03962598,59.99845181,60.3769764,61.04598661
62,BAX,86.77514936,80.46882368,85.00364928,85.79329748,83.59506558,85.71614177
63,BDX,78.86180671,71.78885951,77.58396508,76.47830621,84.11999657,81.9230257
64,WRB,,58.10668878,48.74675806,47.0761395,42.02329282,43.15524624
65,BRKb,29.49996367,28.15492296,28.33119237,30.43941145,36.29779191,16.46711801
66,BBY,81.24060941,71.70734387,86.48178212,85.95980132,82.78882115,82.65996049
67,BIO,51.59078303,49.21758901,39.46507466,39.0486401,45.2444543,36.97804653
68,TECH.O,66.00068896,57.08090696,64.41899071,50.23787231,45.94043671,34.4432652
69,BIIB.O,78.16189031,77.60319427,76.65572072,80.04874906,76.48557082,74.06154378
70,BLK,79.63547406,73.00875003,72.69506449,70.80433978,65.97864562,62.26417233
71,BK,72.75223342,68.9465931,67.16771989,74.0029555,68.01731028,77.9945576
72,BA,80.8682057,80.18398326,80.15586963,78.87594723,80.15844217,69.80261298
73,BKNG.O,60.21443687,45.03276824,44.72347441,39.38548164,25.02180881,18.90523193
74,BWA,57.18271781,53.01163401,53.59996375,46.13969047,54.17415359,50.90858325
75,BXP,79.38172706,74.49459122,65.72740204,66.32757895,69.34590305,63.2773508
76,BSX,79.57218258,81.58148091,84.24849114,77.93595416,77.42913573,71.76641265
77,BMY,,81.37608255,79.89529904,77.88282645,76.40278927,75.74321021
78,AVGO.O,75.65213583,66.42787449,47.79809319,36.0882142,31.28706782,38.49106065
79,BR,77.25872036,74.01549475,45.37210191,42.7434088,43.78838591,36.66926672
80,BRO,36.2156032,31.83308371,31.84651819,45.73913549,41.54023972,38.59818919
81,BFb,61.72961862,61.06672124,55.2181681,58.42904323,59.40664046,54.97998226
82,CHRW.O,48.28975801,42.19476432,44.71019924,42.22316128,39.81425498,33.6562576
83,CDNS.O,,85.51343128,72.97277029,45.82620731,45.39966478,36.28840748
84,CZR.O,,65.41376508,20.02238912,20.69994885,19.19343961,12.20781203
85,CPT,,65.95709439,51.32983494,45.53021335,49.18796557,51.57488706
86,CPB,78.7128467,78.35734507,83.24546671,87.73983447,91.80340581,87.80045736
87,COF,,63.6931938,79.73330178,77.53378964,68.09606088,69.64161612
88,CAH,78.20182819,76.11268885,75.1692113,37.63473744,47.50314648,46.72078369
89,KMX,57.0158278,46.23695241,47.40076402,48.56015291,44.28336713,55.95739282
90,CCL,65.75371581,79.11157718,81.64819454,77.87246449,75.66424774,78.77843382
91,CARR.K,60.333864,56.61116048,,,,
92,CTLT.K,57.18259964,55.68008046,44.83614316,42.06225406,33.56112479,29.29522846
93,CAT,80.70996499,74.48894427,68.77360048,69.45173554,64.94704003,73.05436219
94,CBOE.K,62.53505304,53.06815804,48.55840045,47.54508241,46.303449,47.92125195
95,CBRE.K,85.29209145,86.16065089,89.88966637,91.91220223,89.02311101,88.76690514
96,CDW.O,61.1197937,75.28219738,58.04446567,44.53764363,53.43311278,54.91188535
97,CE,,61.28767045,47.88752814,38.75016251,42.16795411,46.3709167
98,CNC,73.02102226,62.40846448,45.45041949,38.31248157,34.36664552,40.10123988
99,CNP,45.49237823,31.66538615,41.9291744,41.06560958,44.03077675,35.26887129
100,CDAY.K,58.81599375,50.67854316,28.05012193,27.22353383,12.00958058,
101,CF,64.77609261,69.91511466,66.76339556,59.62296034,56.73871674,46.34420677
102,CRL,74.35904497,70.28988363,72.2433108,65.06418287,60.53713423,43.94971758
103,SCHW.K,48.43371502,50.87899428,47.97264626,52.35739943,45.64286696,50.42791569
104,CHTR.O,,35.61283755,22.87156895,17.59276394,19.30125052,15.30726636
105,CVX,86.6875538,83.88004036,78.70988692,84.59663139,87.9408182,76.83046065
106,CMG,62.91667578,57.89065745,54.04738429,42.4218844,46.55019769,37.36888018
107,CB,,60.15616024,50.86715245,51.85731724,49.39217163,49.13674212
108,CHD,,69.21673199,60.25011112,56.8840417,57.83704732,55.1603012
109,CI,79.97321822,76.05553742,71.37905662,66.56813443,64.73402266,75.61724029
110,CINF.O,,54.48382618,51.47623999,50.21097814,51.89751308,49.57342863
111,CTAS.O,67.99515521,66.98035344,59.79408916,56.38115623,65.09736527,64.5152511
112,CSCO.O,87.36533747,89.35903185,87.90781977,88.33379465,87.65145383,86.66508978
113,C,80.81323374,84.1116676,82.03342856,81.95441704,85.03504744,83.03016686
114,CFG,64.47219575,64.25429959,64.17448422,63.95102665,57.23687546,45.29469533
115,CLX,69.9653463,71.90897429,68.62035918,65.95992206,63.25896807,67.68785422
116,CME.O,50.8465929,51.5546562,45.42123501,46.81074486,46.04547307,44.77343391
117,CMS,,50.71948343,54.48736483,56.53441045,51.78382081,56.485196
118,KO,79.58166213,78.04444614,67.30547114,67.32650208,70.96664158,77.38018546
119,CTSH.O,80.58251455,62.43466199,56.54919945,68.3802844,71.09967158,74.20548006
120,CL,,90.17002,84.30462165,87.74101577,90.33753342,87.64540745
121,CMCSA.O,,78.46561779,69.92711083,72.13573026,66.64996896,60.23060567
122,CMA,70.82523011,71.04007838,70.8193434,70.24475449,71.57662265,70.2645224
123,CAG,76.79079459,72.9652405,70.62461272,70.11782914,70.73681696,71.86542775
124,COP,69.33174781,67.84243614,63.81746185,63.40418508,67.05368499,75.31956572
125,ED,,60.16652736,55.81823136,50.84767549,64.85235325,67.99883252
126,STZ,44.13996109,35.6919811,36.62469731,42.4579331,33.76971317,36.96300452
127,CEG.O,,,,,,
128,COO,65.33908975,58.97081616,62.37470407,43.27242781,48.84170892,45.82989179
129,CPRT.O,39.32735228,30.06018836,37.98782214,35.57333983,31.95409898,37.63530851
130,GLW,68.13792488,61.3822184,57.97811894,58.83729773,59.26404515,61.23091044
131,CTVA.K,63.61745139,62.32901867,42.16806078,,,
132,CSGP.O,58.49750916,53.65464217,56.71290992,53.53705674,53.77173008,45.8959383
133,COST.O,74.77411385,67.36199216,66.79019762,66.43875708,63.21284193,56.7094271
134,CTRA.K,,31.98021961,27.99496862,32.85580842,33.13658015,32.09327192
135,CCI,62.38978463,67.73618242,64.75674789,60.73504324,37.56104013,33.82833598
136,CSX.O,59.00814981,54.04656798,55.08869461,56.81045889,53.86492956,68.31203978
137,CMI,,69.30417604,69.12568734,70.62453792,71.00870394,76.60785423
138,CVS,88.44768241,87.64716024,81.56541777,81.73600098,86.41735796,81.17032058
139,DHI,,42.98718681,37.33105583,37.1659757,37.92402023,37.27259696
140,DHR,,81.33727439,68.7134194,72.10285641,60.81858329,60.03049107
141,DRI,50.51086382,58.0025212,56.63178723,55.25502161,59.94850606,54.95102771
142,DVA,,63.66547169,57.22247881,59.13883868,60.35249255,58.76449666
143,DE,72.33594793,71.61999779,69.40246188,67.92321618,64.97278393,61.10151728
144,DAL,,69.53245807,66.82210976,71.55031108,73.97800813,71.43285451
145,XRAY.O,,65.74898011,39.98880451,41.74432532,36.91799797,32.48807731
146,DVN,,60.17024196,56.35998831,63.44971747,61.94439979,59.34022686
147,DXCM.O,47.63277909,44.46491217,40.11579519,20.33651288,22.24722992,22.20953134
148,FANG.O,,57.30484433,48.22446074,34.03554782,28.99129855,19.77931805
149,DLR,75.63817967,71.23768481,73.65734517,49.3919278,41.71688186,43.70796292
150,DFS,62.37655046,60.32629048,61.81708863,50.72446437,51.54284595,52.00449569
151,DISH.O,38.28826783,19.58746556,22.75623572,21.81535823,19.17465924,17.94907723
152,DIS,69.6496974,71.03806558,75.61517306,73.11136987,63.72466125,64.88319635
153,DG,42.8028778,45.53826312,44.59727006,45.23312246,46.34500529,42.39752009
154,DLTR.O,63.39805325,57.33053897,46.54929143,51.81607368,51.03244401,51.69823925
155,D,,78.62933432,81.54872977,80.09849439,81.01297877,81.2580043
156,DPZ,,58.50102137,46.19550122,28.10187096,33.49685142,35.37424847
157,DOV,,65.15562101,58.26133272,59.66929472,62.13994446,63.43649366
158,DOW,86.67462083,78.91832912,76.00577949,,,
159,DTE,,82.6692326,77.93096011,80.23637507,64.94995964,62.71055071
160,DUK,69.45163683,69.80833589,69.97168463,64.75207342,69.67108101,75.56725559
161,DD,63.91143603,65.34977005,62.95099789,51.9530348,58.02187938,
162,DXC,81.80968265,74.35559216,82.54465285,71.02586294,60.22714823,52.48088816
163,EMN,80.23474,82.35253732,81.06076683,78.00305702,76.84293248,70.27617458
164,ETN,71.4186993,69.63551943,67.37392641,67.04840959,73.5230396,75.72834804
165,EBAY.O,69.41079525,60.33839041,55.91000272,53.14291588,56.28130437,54.94253893
166,ECL,77.16227466,76.39346897,71.89778297,71.09678276,67.35937249,70.78778956
167,EIX,86.33404292,85.56502127,83.38277247,71.77611902,71.02790507,62.0230677
168,EW,69.55389692,66.46878564,64.07599671,65.16595276,71.97492817,70.17424933
169,EA.O,59.09129832,48.90185517,53.29805259,51.55603768,55.05392721,49.7515214
170,ELV,88.43082363,89.28123347,84.91327981,79.81503688,65.17867015,62.47202834
171,LLY,66.86606805,69.61499988,70.4137821,71.99398418,69.76400518,71.53014423
172,EMR,69.39546522,72.11762264,72.21243665,67.61916255,69.41873875,67.13456755
173,ENPH.O,54.11413209,48.14762613,35.21643276,40.10330686,34.97205824,
174,ETR,,56.90772912,57.42484888,58.69750801,62.30084761,69.06329149
175,EOG,,55.2255809,49.83496182,44.53941689,47.07507202,41.84942345
176,EPAM.K,66.90729994,69.30651101,53.37637617,49.00262244,50.32360787,43.4891454
177,EQT,45.23221778,47.15187977,39.42691948,36.42547225,45.8430324,53.04217335
178,EFX,48.76495906,49.57917113,33.41682002,33.25995105,34.5913203,31.41636336
179,EQIX.O,64.10225767,68.28343658,67.43443697,65.89724305,68.08074126,69.01541559
180,EQR,,61.38562716,65.4116931,65.46027046,64.6283893,57.24530578
181,ESS,70.32540144,73.54182787,65.87912353,72.91793708,52.47984217,43.40258893
182,EL,70.80418248,66.36542692,62.57888938,60.84235022,62.51412473,61.25741541
183,ETSY.O,53.83791009,57.52435807,56.52761673,58.56849809,38.6646891,46.89035013
184,RE,,,51.6341326,42.36188091,40.48939687,37.7307795
185,EVRG.K,71.1397412,52.17174525,46.58268641,43.52802091,31.74524314,23.10214416
186,ES,74.57329479,76.16771962,74.2144987,71.05157858,65.27689581,66.42719791
187,EXC.O,,55.03055909,62.76904492,61.63508287,68.59323058,65.78334967
188,EXPE.O,,42.34716652,22.45799501,27.52375273,24.8687669,15.54737251
189,EXPD.O,,56.47034758,55.11650019,55.80779339,55.67203947,57.64981496
190,EXR,,33.19805211,34.68198449,40.33177181,11.77379587,10.86707629
191,XOM,,66.55484475,71.27639113,73.80618955,76.40643405,74.80272376
192,FFIV.O,,69.0020987,61.31626992,57.84932571,48.50968181,46.21949423
193,FDS,,68.18156733,61.55578337,55.92923739,61.53950802,45.079153
194,FAST.O,,39.1100985,46.16125353,32.5560867,36.62943715,34.55826198
195,FRT,,71.42113534,56.22092596,59.10386067,54.89763874,52.28025343
196,FDX,72.88182612,74.12140233,75.49652592,76.85758825,79.97470006,77.21125436
197,FITB.O,79.17999837,78.94950271,72.88365421,65.59309778,64.30064515,58.28348276
198,FRC,44.06608289,45.38247037,44.9346243,38.22343414,41.5685607,36.38396661
199,FE,67.00502444,73.139529,70.32948921,58.93316565,53.91342848,41.30922687
200,FIS,72.45244923,62.86259997,63.88946291,58.82216802,44.6813101,29.07248363
201,FISV.O,60.58097729,35.53426311,24.4350756,31.30102148,30.49255679,24.87975593
202,FLT,,49.6386323,40.18419192,21.0409195,18.49234991,14.49204868
203,FMC,70.26850369,68.5954187,66.28831056,64.32063287,60.99956338,63.64136395
204,F,79.99208892,81.05008239,81.5476107,82.70420516,78.18608441,78.32400296
205,FTNT.O,62.95648385,61.94109762,51.84278297,47.20904643,45.75745164,42.146822
206,FTV,,52.35256689,45.20971302,39.78601591,26.95831315,27.90769228
207,FBHS.K,71.19127727,53.43885259,63.48618814,59.85326586,61.92772683,59.20960456
208,FOXA.O,77.08631732,66.62455738,28.24170093,,,
209,FOX.L,,,,,,
210,BEN,,55.12053503,55.16186168,57.75651734,56.53522472,48.90971117
211,FCX,83.33416428,82.20809757,83.00050004,83.69691198,84.16231588,87.09759148
212,GRMN.K,62.27347528,63.21513518,60.59316602,58.59097425,57.74601684,59.96809452
213,IT,75.27443206,67.01880284,64.26681623,55.01659529,46.67766725,44.10333336
214,GNRC.K,30.76633022,30.45204004,30.128244,24.61863959,24.01687393,24.54791378
215,GD,,,63.03738425,56.02980879,62.76278788,58.15822425
216,GE,78.02591141,78.25573389,80.55532283,80.63828034,81.19143363,80.73906585
217,GIS,77.8658859,75.26334123,75.26357596,76.67838897,74.98852303,73.68126367
218,GM,80.38696861,77.17700573,82.72446392,85.54355577,88.30658886,84.94237031
219,GPC,,46.08764608,41.59767782,32.6283889,31.6121215,20.86369095
220,GILD.O,,84.89385365,90.99787454,92.65136239,90.87930756,80.58230487
221,GL,67.19977263,46.85220675,52.48572724,49.06438034,48.06528439,42.66250601
222,GPN,,41.08906199,26.18605846,25.3793956,14.32509293,14.96301066
223,GS,84.55984309,87.20089836,82.65544917,69.5965131,66.50631764,58.99596653
224,HAL,84.2292129,89.80472914,86.14402401,82.90906001,77.32082523,77.17725512
225,HIG,75.743125,79.17123157,74.18224978,73.95481486,76.66479393,63.96893912
226,HAS.O,,78.91656241,78.54850622,79.19436103,87.44146794,85.66273006
227,HCA,63.09410295,65.14780432,58.05554191,59.9112689,63.73391419,63.44324676
228,PEAK.K,88.26479497,89.78123215,89.72075417,80.11822049,76.99274795,73.73123382
229,HSIC.O,,74.7949014,48.27332794,51.40109113,56.59149949,52.89636006
230,HSY,88.78950508,79.79963352,77.62998204,76.0342261,74.64212484,75.66173866
231,HES,,80.35293863,81.88473889,79.52301352,78.60476215,71.11685275
232,HPE,77.20067004,77.40869501,71.28019576,67.80456388,69.67744874,67.50614463
233,HLT,81.03249566,83.2395473,84.30333903,73.34670672,75.1618104,63.57153631
234,HOLX.O,75.75167618,77.8850615,73.87177053,51.3212858,50.9004305,43.26307142
235,HD,72.10534957,73.37266756,72.0149082,73.62910539,82.96649592,80.70454773
236,HON.O,,81.50783401,74.97847809,72.83885366,66.77836372,66.66258672
237,HRL,,68.81840889,69.83955358,68.70067367,69.15451693,64.99246048
238,HST.O,,81.63047821,87.05480259,86.48508129,79.93921609,80.98678959
239,HWM,65.27822658,58.77030243,51.90451058,51.76943357,56.03945289,74.25213612
240,HPQ,79.76004355,80.13653288,78.47647129,80.40990897,77.26344976,73.61932216
241,HUM,,88.41986414,86.84470206,85.86823301,85.77781774,84.18733571
242,HBAN.O,76.5784344,78.80425857,81.02938462,80.21220425,67.89728334,57.48007622
243,HII,43.04131255,40.8496262,35.64172246,38.08880779,45.51758669,36.05665494
244,IBM,74.7753418,72.38989947,74.42740483,84.93079822,76.92313667,76.02711407
245,IEX,,53.13830587,57.55508454,59.58465708,42.3072019,40.3216816
246,IDXX.O,73.97035495,62.70970001,56.30958197,53.25843019,55.65587512,38.17647822
247,ITW,65.45979212,67.57270975,52.65148846,45.41707477,46.59522898,45.15043695
248,ILMN.O,69.45612486,70.2400023,67.72666273,50.87326973,49.48756265,22.06106726
249,INCY.O,46.33264281,50.43389045,49.67514711,45.44182998,50.99047176,39.03577454
250,IR,41.54357435,44.22028822,41.37584843,26.18872621,18.33500553,
251,INTC.O,86.10960955,88.48452265,88.65703565,88.17572957,87.10713399,89.24995549
252,ICE,68.23638777,58.13663939,68.3922552,68.15278542,62.03803716,69.73051501
253,IP,72.12147718,70.62502208,66.36703928,68.31937784,68.85005921,66.56429599
254,IPG,,64.7684727,60.77951488,67.25968833,60.14379263,58.22911764
255,IFF,81.48837078,84.36748131,86.58995238,80.95129955,81.11586714,75.44589824
256,INTU.O,76.21668645,77.82610067,78.9432035,85.96690208,78.9396162,77.74771577
257,ISRG.O,57.0437056,56.61186034,50.63181124,47.41469974,42.60383153,43.61938961
258,IVZ,,60.86153441,66.35790184,69.86794219,66.97329378,56.61424275
259,INVH.K,43.99587919,45.53722806,32.92566415,24.44911568,16.89360907,
260,IQV,57.98454249,63.63381385,62.76943157,48.78363835,42.65675538,36.98287051
261,IRM,,77.58121681,76.60021826,76.06179577,74.94769029,73.63081332
262,JBHT.O,71.08483459,67.03202391,59.43698687,45.14249293,48.15806467,41.99839397
263,JKHY.O,51.28936262,26.75437466,34.37456667,29.98967359,25.2378687,25.20357262
264,J,84.04669966,84.96886196,69.04911501,66.31149405,63.29593538,60.74495614
265,JNJ,88.71314654,86.4260831,85.25096723,84.84156853,84.24133455,87.29230061
266,JCI,78.29169015,77.48516609,84.79678228,88.19648913,74.93884682,74.8004451
267,JPM,82.74521142,84.53648989,82.63410788,77.18581676,83.0686203,81.52125165
268,JNPR.K,,84.59212782,80.17956876,71.07862973,67.83758047,59.41584861
269,K,81.45511804,83.00732091,82.79704027,78.42536472,77.07813833,76.80489946
270,KDP.O,69.91149889,70.41983221,62.14613966,60.38584511,61.78253062,67.25915413
271,KEY,71.72641182,63.97349359,69.39505618,75.9724131,76.62043867,69.4185851
272,KEYS.K,77.98623603,73.88705712,74.90866562,71.68839395,74.1402705,73.64085262
273,KMB,77.25189221,76.07906201,73.51162309,69.92101211,69.63684696,68.0847524
274,KIM,,81.47170341,81.8551285,78.91061511,74.61078657,68.61795934
275,KMI,85.98862991,87.47189024,85.01847973,68.53661563,54.37963803,40.56577967
276,KLAC.O,58.06971739,55.22749136,56.97525418,51.25572909,55.41552029,58.34217614
277,KHC.O,,64.95487768,66.87631882,54.90885205,47.27764273,51.36506354
278,KR,80.06874842,77.83168507,76.22980932,84.25783785,68.73584855,69.59395735
279,LHX,,68.38311037,47.74206179,45.30383076,48.43583124,50.8906476
280,LH,66.48728471,67.55645681,70.62622579,74.34083068,62.94756535,55.05567386
281,LRCX.O,73.1077285,70.1188568,64.40549456,65.3706794,63.36950967,58.0625147
282,LW,5.861685898,66.4579966,62.93017397,36.76384324,36.19471669,
283,LVS,65.11051767,56.45959979,62.05413174,59.93606333,51.99829476,53.00623301
284,LDOS.K,,83.89942496,79.71324733,80.49131597,77.58765885,83.87538138
285,LEN,31.35616236,23.87373082,24.15431289,25.39608984,32.0084332,26.71680723
286,LNC,67.02014493,60.15633589,56.81021016,56.42775279,54.66463844,53.28814668
287,LIN,92.06516616,87.06263788,85.98057071,86.54616056,75.85662258,71.3326001
288,LYV,47.21515705,43.87841903,46.61101268,33.46580361,23.71923524,29.37546833
289,LKQ.O,42.51798421,28.22260945,24.67615773,20.9624553,14.67526515,19.65396866
290,LMT,,71.36474044,78.38256673,79.62801239,85.05560196,82.73956627
291,L,44.1617972,42.12371556,45.6626202,44.65314914,28.38680456,31.73048139
292,LOW,84.49768519,77.97517416,67.43925231,78.93979005,80.91294062,78.51657093
293,LUMN.K,,53.49895014,57.52331212,57.66797515,61.58430609,61.10739605
294,LYB,80.0493415,62.82003819,55.5528747,61.60273833,61.17304224,58.75771272
295,MTB,66.9071631,59.46929504,48.81782347,45.78584522,42.06336503,45.12374707
296,MRO,,75.83984261,66.94499699,63.86237522,66.29640077,67.01075234
297,MPC,79.34135061,69.67337601,67.98356078,62.47602645,60.18327128,61.95165385
298,MKTX.O,,55.04132572,50.61654517,48.81189987,53.45558792,54.69126186
299,MAR.O,,83.16891527,76.55864798,73.82527623,72.7382342,77.49086744
300,MMC,56.919561,57.01062594,51.59182591,49.99327054,41.31091637,39.51148441
301,MLM,45.98822523,43.0180928,42.50266304,41.09935057,37.0131713,37.63356925
302,MAS,,71.41287454,65.76437535,55.93839519,63.87099427,59.82140055
303,MA,76.09380307,72.47721103,69.08960922,71.53252685,75.25736166,62.48795151
304,MTCH.O,46.92274754,31.03160418,23.7524234,21.40593619,14.22398975,9.194939724
305,MKC,71.43916301,72.63482226,73.35684571,71.82727427,65.41152723,64.72268648
306,MCD,,78.15557385,69.69887324,74.00713914,70.82579026,68.78521981
307,MCK,67.31543468,60.66189033,52.79971895,62.02734674,62.64825391,55.61700625
308,MDT,70.12477071,72.20568349,78.41249179,76.25940761,75.27169993,70.54923878
309,MRK,76.31338427,80.2373429,79.90965714,74.49412403,81.05817255,79.92000228
310,META.O,66.33820817,62.7700206,49.51979693,43.06339671,53.38645684,35.15945508
311,MET,66.74209694,60.5549644,54.2013295,50.41336578,51.22914993,52.94963933
312,MTD,64.42842982,62.36542111,56.73781696,61.17001866,53.35830026,46.33484931
313,MGM,69.39209253,58.82715263,65.47874806,62.28880239,63.28676347,61.73555855
314,MCHP.O,60.68118435,64.70043932,65.60603868,64.27943774,66.32511729,64.88674714
315,MU.O,,72.8779452,71.99479403,67.38610534,56.05517311,58.15545982
316,MSFT.O,93.12462481,93.4448759,92.98168059,93.27977232,90.77890091,91.28861493
317,MAA,,70.98664034,58.60607478,41.05195167,29.55143297,35.01988968
318,MRNA.O,58.29812672,53.59323039,47.32858813,41.29464022,,
319,MHK,,53.15775555,57.17685297,56.81637049,63.33314285,61.72320868
320,MOH,54.32517065,40.12240228,31.38894357,29.22139315,28.24449871,31.38580884
321,TAP,65.93180927,60.2527999,61.30904001,61.41002027,61.28214274,62.09169479
322,MDLZ.O,,74.09414445,75.16705081,69.47502736,70.07261622,70.41275354
323,MPWR.O,,34.91597093,33.01836931,19.76476206,24.09317567,28.27057082
324,MNST.O,,39.43764953,37.89022047,34.04292961,30.84943413,22.85078633
325,MCO,70.97024555,72.96179307,73.22616632,66.03692895,64.47501358,57.65182092
326,MS,,62.29989241,61.45514823,66.09539876,68.66357258,73.24524602
327,MOS,,69.0138428,66.91511723,67.1054612,68.29530073,68.85692468
328,MSI,,84.70170947,82.54263996,79.09680015,79.88241304,79.47064966
329,MSCI.K,66.0211372,60.8869204,60.81426151,58.42358934,57.37782692,45.11215507
330,NDAQ.O,78.62405,75.42835618,72.89451462,67.91378063,62.14264569,67.19377052
331,NTAP.O,66.60337163,58.02693766,56.4155439,59.83640679,57.69142154,47.92850651
332,NFLX.O,34.80510074,28.55175916,28.28197481,19.94305596,20.811826,15.9192912
333,NWL.O,74.88438411,70.06041188,50.42574544,51.5975093,46.06911727,46.46280438
334,NEM,,86.91316788,86.30161764,87.41614163,81.8982824,81.79240633
335,NWSA.O,60.01625668,49.46849805,49.41347458,53.52874615,52.64775134,39.65020476
336,NWS.O,60.01625668,49.46849805,49.41347458,53.52874615,52.64775134,39.65020476
337,NEE,,79.96534759,76.10349707,71.1097985,74.35487667,72.78586362
338,NKE,69.33509817,71.7807448,71.85434164,70.91860426,70.6724077,65.43966475
339,NI,,64.30575344,67.44604739,72.05080611,68.52425639,62.03840824
340,NDSN.O,,58.28857929,35.4491743,39.52031873,40.02049318,31.03547164
341,NSC,65.45392148,65.56354123,66.19750979,67.85445073,71.98126818,70.32081609
342,NTRS.O,75.27167726,68.31469196,61.80890696,56.72145351,52.74241934,56.76292133
343,NOC,,81.34170281,78.26320476,76.23016649,80.71575366,79.69564255
344,NLOK.O,80.29591787,75.01857881,71.84059369,73.69709785,64.97304137,69.35702792
345,NCLH.K,64.23441519,57.36852986,38.55232067,44.6397634,46.9759058,50.93260027
346,NRG,,73.99485752,70.82493295,77.18156699,79.520458,79.47297827
347,NUE,58.11193219,52.31654256,48.62693007,52.46072618,57.79625591,57.28910695
348,NVDA.O,79.26517589,79.22621506,74.13156187,75.72331537,76.55658053,73.30986596
349,NVR,32.52466456,34.48173742,25.30295879,27.82926125,29.87166266,27.71919542
350,NXPI.O,76.90425664,76.45974194,75.82059893,73.77723198,63.40062609,65.70718582
351,ORLY.O,41.49324194,39.83216758,46.33577952,43.33360075,38.67446085,30.53075152
352,OXY,,69.99730972,74.53652161,74.97747521,66.98499086,67.90624531
353,ODFL.O,33.03100612,35.78507901,37.52191915,40.40465017,30.07983299,25.04518646
354,OMC,75.37601217,67.49086045,66.71429501,59.07843694,54.0234635,47.16198128
355,ON.O,76.4222305,72.72883763,76.03113872,73.72354854,65.13295825,59.44499436
356,OKE,,69.68651921,61.36810952,68.44325092,49.83092815,48.74805693
357,ORCL.K,,56.40076492,55.83231312,54.61992883,52.8862521,46.29869755
358,OGN,,,,,,
359,OTIS.K,68.69549536,60.87521521,,,,
360,PCAR.O,,69.0631256,68.99927503,64.76878681,63.14303238,60.10155023
361,PKG,73.60031966,72.38824581,71.24973452,69.38528034,55.12897012,53.8313758
362,PARA.O,67.05362073,68.93337123,55.4154586,40.51509698,49.5045442,44.6860091
363,PH,65.80380006,59.15120067,61.07454905,56.60996925,60.49621059,60.19686943
364,PAYX.O,57.81793025,48.73312339,40.27673082,35.38045911,31.80219485,30.91397257
365,PAYC.K,44.67670622,32.32873799,25.68463607,25.63175716,27.48761426,25.15729058
366,PYPL.O,81.73560114,77.12861946,70.05305448,58.98486601,61.19175325,40.94003863
367,PNR,69.93932844,57.49057747,53.88611657,50.87173337,47.32503062,47.69402275
368,PEP.O,87.24829056,89.49618786,87.73285056,85.58148929,83.80937943,81.5214687
369,PKI,,77.64348679,57.15750822,67.52755755,64.34600306,64.19689998
370,PFE,81.12446273,80.80796351,69.13905529,67.12285018,69.75618081,71.31034188
371,PCG,,77.39307878,79.00077369,88.8978595,85.26027198,87.88214052
372,PM,85.27826816,88.48406815,88.98418087,87.28308508,84.33896974,78.61137466
373,PSX,76.40563042,78.32412059,70.71556553,72.61058521,66.73548965,64.96509044
374,PNW,62.79802057,62.8429728,65.66500564,62.73544678,56.8519217,58.99348522
375,PXD,54.92450968,52.10271563,46.60278257,44.88504726,41.31275662,41.67646177
376,PNC,,77.81636157,75.16274131,79.09972832,79.15234164,80.32216568
377,POOL.O,48.47456757,40.42108811,44.94568985,42.86724443,39.90885041,46.61723241
378,PPG,,80.11589007,76.63212153,77.67980011,75.31465445,64.33203216
379,PPL,,52.66228364,57.27234169,53.00657459,43.69115288,48.2019272
380,PFG.O,74.47133932,63.43221277,63.66976368,63.22926392,55.37265412,53.90566837
381,PG,,73.04143229,71.11420351,64.90639867,65.30407554,67.1872974
382,PGR,59.12474456,50.75539004,49.41255705,45.21800781,52.78094331,54.61849483
383,PLD,68.30225535,73.00402486,77.55739194,80.93757413,83.44599208,80.6113112
384,PRU,66.73371434,76.31754029,68.38054109,63.71151076,70.49625629,68.24421797
385,PEG,,64.93282064,67.47514622,69.43669257,65.71991841,58.66020673
386,PTC.O,53.95173485,41.84805019,38.01982293,47.73600823,48.60075628,45.12064744
387,PSA,68.44335312,68.05686562,62.45421616,45.22797952,43.16798254,42.22743298
388,PHM,57.25213776,53.36762662,45.11689459,49.59794075,42.04253831,43.99102217
389,QRVO.O,61.51321836,60.10972465,46.55754803,32.34469189,35.19859725,33.21616608
390,PWR,70.87517392,45.62903254,46.47496171,30.91325448,30.33417434,33.32668164
391,QCOM.O,69.33322295,70.07633304,69.79293415,62.92006622,71.01642579,73.61030914
392,DGX,81.93349996,73.03261896,74.8956027,70.70078555,67.74898311,71.59399905
393,RL,64.21077859,67.03245857,58.24554359,51.50143071,52.73012928,53.21894524
394,RJF,72.23320402,49.11285574,44.51316895,52.82424471,50.52380899,48.7987255
395,RTX,,,70.7387734,74.15415917,72.21265183,66.4913037
396,O,85.33749398,77.92672472,69.48357519,54.49705254,62.20342997,59.55052716
397,REG.O,83.13788657,84.03785772,78.61348083,76.12111279,77.68557901,61.48305934
398,REGN.O,67.41419242,61.91272339,66.15246389,57.27491223,53.88527749,43.34718127
399,RF,82.64952155,66.01065605,66.71467273,55.2788701,59.68319265,52.44053548
400,RSG,69.9160999,71.41731858,74.64301816,76.3897035,71.65429705,64.32628867
401,RMD,74.53032179,73.21564259,67.28292246,69.88692921,64.14198582,65.42189052
402,RHI,80.24903297,77.02425307,71.70078158,70.13992123,53.57588848,42.92982448
403,ROK,,63.58025059,57.7154301,40.11279498,40.71925317,41.25106543
404,ROL,,13.79788166,25.02984035,20.38695153,27.67115333,23.29675884
405,ROP,58.56676371,62.31642403,65.25373694,57.14389445,56.82254266,53.29000015
406,ROST.O,62.80842808,42.25533839,47.15637622,49.62570939,47.2564453,46.98916137
407,RCL,79.55536054,84.67401862,83.68332459,82.70713874,76.79827034,69.84406635
408,SPGI.K,,87.33984766,87.17132852,88.40538283,84.4233907,74.41899468
409,CRM,66.84309135,65.97323318,61.98360377,72.87744086,63.08532982,55.96657581
410,SBAC.O,,61.37596117,54.4809562,48.57463463,48.69526061,35.97673651
411,SLB,,80.28675309,73.23237743,78.706961,77.97006798,69.43425176
412,STX.O,,62.54328591,56.74388243,57.95501147,60.07580461,63.37150121
413,SEE,,61.00412567,47.68414617,40.2940288,38.41012258,38.99706973
414,SRE,77.14510224,75.50375224,70.44810562,75.92098017,84.17381595,70.85667346
415,NOW,50.72108116,53.00148084,36.13815403,31.33865529,26.66138269,19.66407638
416,SHW,,78.02906251,78.15873148,66.15669384,63.53526185,58.14212974
417,SBNY.O,50.27241998,46.35117614,44.0793442,29.43797954,34.58028655,27.76664624
418,SPG,68.52729544,68.87204625,67.93203374,64.53066954,67.56204726,62.76339646
419,SWKS.O,53.21513562,50.34151602,55.16815493,57.2052541,55.78720948,41.66535372
420,SJM,,69.32055039,73.05654239,73.5445712,59.37541016,61.91681663
421,SNA,42.14929219,38.73972599,41.98284444,39.57119125,41.60356199,45.28557418
422,SEDG.O,,72.86162522,68.4334955,57.93754068,34.66438453,
423,SO,,70.01349685,64.31420316,61.37894768,66.37208927,64.23184411
424,LUV,71.81877707,68.47219006,69.03178499,70.16644549,63.58623888,65.08667329
425,SWK,83.02345362,74.38139162,74.19616606,65.10669928,45.94032346,36.45411846
426,SBUX.O,69.32064641,67.53387558,62.93934398,62.39942265,62.70996465,62.91872596
427,STT,79.28914005,88.49583993,86.17795104,86.44482318,87.99163089,87.65569407
428,STE,55.61956788,47.61751938,45.45343576,37.65393118,,
429,SYK,80.90813285,76.25745514,65.70103012,64.02728499,53.69745485,45.46223471
430,SIVB.O,50.79854992,47.46733551,51.31776199,50.03154567,41.89584034,47.3192512
431,SYF,64.49646865,67.89467482,60.5325122,60.65796933,54.12722792,44.37479345
432,SNPS.O,,75.25698485,70.79250355,61.6531271,45.45824563,45.7996066
433,SYY,71.99157907,68.16724941,75.89553084,72.0921732,73.40080926,75.0817922
434,TMUS.O,,55.79651056,40.55070975,39.45156447,40.60239727,40.4920491
435,TROW.O,60.29393718,53.44199412,67.49954638,70.02790278,53.97444628,56.9105608
436,TTWO.O,41.72547987,29.31471285,27.93570814,39.67185355,31.4454408,23.62846149
437,TPR,61.93402433,69.8325224,71.67642535,63.25978768,61.30020024,55.71085559
438,TRGP.K,,53.39474744,52.1164078,37.30549435,32.32618512,22.63156676
439,TGT,88.5214832,82.63010385,83.35018486,88.27214911,87.68779702,84.45006703
440,TEL,71.96653879,70.91726907,69.34421725,64.56468266,62.8048543,64.16579554
441,TDY,,41.28390281,40.40389352,43.33199632,40.89199539,20.5888862
442,TFX,67.86610892,65.91670638,62.95189137,63.8825348,52.47167803,50.62920952
443,TER.O,,46.34695977,53.02958362,51.55725849,47.31807067,44.89492774
444,TSLA.O,65.12756136,62.97307693,57.87377844,48.2201392,38.31581375,31.29513143
445,TXN.O,82.91055858,85.89967489,90.0794717,84.75909157,84.40322915,86.96732206
446,TXT,77.20203299,70.71590196,70.91838489,68.68089403,62.47181682,64.1223361
447,TMO,77.10705988,69.20587988,69.32850036,69.13345063,71.01951667,70.73871321
448,TJX,73.29093418,65.85852782,68.50028551,72.42551058,71.45391109,59.56330939
449,TSCO.O,79.22033125,75.13300817,77.71592908,73.95476186,72.22578455,72.38639526
450,TT,81.72783104,78.92898471,77.49902621,74.39015757,66.46974176,69.04097396
451,TDG,,43.14973484,40.78979369,22.2049627,21.38282764,20.62559378
452,TRV,64.70064164,65.90316133,70.14502906,62.47051199,44.19763997,36.25797644
453,TRMB.O,63.55355297,50.40985782,61.90016009,46.41717892,47.85681972,43.55076699
454,TFC,59.67100777,57.65239385,59.66329588,59.35773911,57.00045589,50.71496694
455,TYL,61.40057221,57.65602595,50.7107816,37.75146429,37.67200409,44.06420143
456,TSN,63.44851999,63.73672039,69.77118292,53.67124241,58.01537341,55.77980618
457,USB,,55.95860986,52.05651483,51.48934164,52.44815399,51.04307094
458,UDR,,64.84279601,64.64414134,63.11562176,43.77199889,36.01626796
459,ULTA.O,60.87477446,56.30838819,46.76248331,50.67759324,45.17737182,45.87280248
460,UNP,72.11784257,76.07858744,62.96026508,68.36458329,68.96782375,66.26751002
461,UAL.O,,49.72290805,59.24429028,60.60792699,59.24797267,56.07686129
462,UPS,69.5148701,70.06086448,69.64807772,69.58197092,68.99455979,70.61443265
463,URI,74.71140173,80.37474207,68.28383257,53.58006047,47.45688555,39.22127189
464,UNH,,73.92897192,71.78935441,79.86080142,79.90945451,41.29426851
465,UHS,,35.28026975,36.3947647,37.52804202,31.52812059,41.51518764
466,VLO,69.29016957,69.02857022,53.14577273,52.67771725,52.98361563,51.09932279
467,VTR,,85.13170569,84.05633946,85.21854876,81.64407194,81.23806584
468,VRSN.O,53.07366643,50.52086468,46.9573241,47.11220584,53.93640342,55.2509014
469,VRSK.O,69.99925479,75.71328595,66.65606349,64.81603581,64.69702343,57.40149536
470,VZ,73.17652583,77.09318934,76.78186627,71.84638609,66.34175168,56.72279178
471,VRTX.O,70.79695789,60.1634967,62.11411408,57.50806489,42.88537309,33.06363543
472,VFC,,74.47043658,77.99635737,47.0528376,58.18307524,57.9851088
473,VTRS.O,,70.06404068,84.50302998,68.44806917,64.22943934,47.16728817
474,VICI.K,54.95208018,58.95307495,55.39376737,36.30694181,31.76584647,
475,V,59.21120669,54.6807904,52.66998794,70.43096151,72.01594527,70.54327362
476,VNO,62.05554103,60.96317134,61.13007033,62.89453394,60.23224496,58.75887285
477,VMC,51.98570566,46.00283336,48.98357029,46.47152441,50.50632297,43.21565765
478,WAB,,62.20615845,59.27003348,42.55648401,48.0085446,40.02213076
479,WBA.O,88.12652313,92.9645636,79.74669835,72.27163869,72.34157158,71.2263658
480,WMT,84.80159222,81.94496405,81.94294025,73.65112685,76.55447947,78.11777082
481,WBD.O,,50.51630509,48.76600973,42.68418815,35.96938015,35.59004599
482,WM,85.26892537,87.88481383,87.46083853,87.98745534,90.6627061,82.43927803
483,WAT,,74.29536579,75.1498835,71.54013236,67.11336942,56.4648369
484,WEC,66.43762066,61.60203642,63.85494713,62.55016562,61.18698685,59.39908595
485,WFC,,72.44612986,75.17731226,83.15884506,83.53636779,81.19024
486,WELL.K,,68.27093866,71.30414877,74.95618288,74.55179426,70.74863098
487,WST,80.88097257,81.83513933,81.5148557,72.94801823,67.57386968,58.01876722
488,WDC.O,65.49967601,55.90593517,52.80250019,43.62188543,41.42145498,37.85996053
489,WRK,73.67085664,71.31337443,64.46216068,60.13882225,56.35167753,52.46626127
490,WY,,77.61314203,68.30855837,72.24695276,81.06176662,76.57426466
491,WHR,80.04792549,78.04490753,73.17493401,69.2487694,66.15452734,66.41587618
492,WMB,71.26233898,72.10809095,75.26654189,63.95011271,51.11179158,55.04655338
493,WTW.O,64.73697712,65.187852,50.43648603,45.58299186,45.96821207,41.09271923
494,GWW,,77.13666556,74.46323884,71.75503343,60.26015712,57.88303229
495,WYNN.O,75.20895721,77.21526374,68.43748427,57.07312605,51.12705761,44.95062621
496,XEL.O,,81.80492096,88.27339339,77.48903125,72.49185078,73.65528574
497,XYL,84.02554758,82.68421045,76.88545015,73.76347146,77.15767202,70.32117669
498,YUM,77.75686471,78.14482309,72.70397648,82.36331087,78.80775679,64.07464658
499,ZBRA.O,,42.94113018,33.30634617,24.93309864,29.3828877,26.30835667
500,ZBH,68.03266877,62.92537903,63.74433379,45.58227722,40.60604434,45.96665313
501,ZION.O,51.91326882,54.25881389,45.46298662,38.08756926,35.87904318,35.76420351
502,ZTS,67.77559781,65.29273337,59.52209766,58.9283049,51.07051461,45.26522299
