,Symbol,2021,2020,2019,2018,2017,2016,2015,2014,2013,2012,2011
0,MMM,4.87358711317116,2.7868079380138,-4.25931708531827,-16.9104402326452,34.9154766393653,21.7206980432706,-5.90880596806124,19.9910254431067,54.4650304861009,16.668068936517,-2.84054363814171
1,AOS,59.1275765536792,17.482864442955,13.6096519493,-29.3761448325481,30.7818326643394,25.0778513334576,37.3362130546076,5.89116179314502,72.9995963799646,59.4741539910839,6.87791049260855
2,ABT,30.5403722334145,28.0026752747915,22.0969299256795,29.0372041885866,52.0048340661591,-12.3158019726765,1.89037407259294,20.0818446490967,24.2813295690192,18.3011054580197,19.4592559934088
3,ABBV.K,32.400981669362,27.6103577074134,1.49548612765797,-0.980217474989498,60.1288497943277,9.87786451222235,-6.46166047745272,27.9733878614445,60.7086601013071,-2.39999999945926,NaN
4,ABMD.O,10.7865515114125,90.0463098742911,-47.5172286493027,73.4379168669038,66.3205537785762,24.8116969444017,137.204414080488,42.3335826458109,98.958333339921,-27.2333513830193,92.1956295634094
5,ACN,60.6573732422142,26.0544019322916,51.2071932924708,-6.21137615824356,33.3414932133442,14.3307017539747,19.5329171999992,11.3884381714157,26.5928458764118,27.7254411809072,11.9494840443137
6,ATVI.O,-27.9984971595902,57.2729521761088,28.629983485538,-26.0738863629875,76.4102808351926,-5.9619846479257,94.0747110125791,14.076420172705,70.1106222847026,-12.5593855024919,0.535905679734472
7,ADM,37.328553105254,12.4668092638654,17.0768505094625,5.26060622642337,-9.47342353787936,28.3962519771989,-27.7211326891672,22.3251312798796,61.8548656748316,-1.83203047164886,-2.90506900910155
8,ADBE.O,13.3847876509637,51.6388223471011,45.7788189539667,29.1029445268528,70.2185527021345,9.59122844970528,29.2159559864676,21.4115132120178,58.9145435236369,33.2861690814754,-8.15464586461784
9,ADP.O,42.5951888956311,6.01992835588865,32.709837254768,14.2464609202844,16.5277592485394,24.2543324750638,4.09545314342392,20.1836048016802,45.1310837380288,8.13071512872381,19.6842279073449
10,AAP,54.6689168460117,-0.887780508380953,1.86966560248525,58.2206264910726,-40.9276874288693,12.5359470499931,-5.36214214712941,44.1667855563441,53.4008296401454,4.2449091773862,5.66351833073699
11,AES,5.88804175453681,22.2367348762578,42.1396369265384,38.9910213001128,-2.69348196312452,26.3376284003035,-28.2011976731958,-3.76475915931687,37.3303145729114,-9.28245829880604,-2.79146141254091
12,AFL,34.5569952170403,-13.5767338239515,18.5573049197701,6.20934252412586,28.9966855185304,19.1148187194062,0.515863878759215,-6.28490942017276,28.914222673339,26.3630201323033,-21.3121338666614
13,A,35.5073421527073,39.7681457675435,27.5302247234996,1.67314526898974,48.3205696570184,10.148544451746,3.46476225449688,0.8111455063329,41.1364243994822,18.3653542332308,-15.6891141721934
14,APD,13.7554710032261,18.8082204479783,49.9847288159465,0.247963241196625,17.046692449553,22.4993671293366,-7.62964181235125,32.1014837783695,36.9158579910809,1.68376433143742,-3.80383893382105
15,AKAM.O,11.4772835508143,21.5443389684955,41.4210871084529,-6.08856088994476,-2.45950809918044,26.6958008712576,-16.4072426923265,33.4463755910449,15.3263260772238,26.73482032449,-31.3921360283022
16,ALK,0.192307692307581,-22.8118628233943,13.7750668099765,-15.5549300967671,-15.9024301414333,11.9675203442866,36.2441315659046,64.6473987369751,71.2629824370783,14.7689439337566,32.4572235002274
17,ALB,59.7569903861548,105.56214966077,-3.31017148393304,-38.8858206541055,50.2047047724643,56.2133977121377,-4.66926937947033,-3.51063968079779,3.57039100786021,22.2501907368672,-6.48362523460768
18,ARE,28.0870459883139,13.2539720678278,44.020792231125,-9.01066022288725,20.9441737636016,26.912491263719,5.29667499217799,44.743400320574,-4.52039540854469,3.50937602052699,-3.3175150021459
19,ALGN.O,22.9799019424379,91.5065940466952,33.2378360423723,-5.74283270729202,131.134921451169,45.9832953659056,17.7785726993765,-2.15260762818766,105.909909907748,16.9652265569945,21.417604912263
20,ALLE.K,15.0486337744972,-5.38531894282658,57.8829320023585,1.17913900163584,25.314487052661,-2.20406029764679,19.6401193585747,26.2553751340159,-8.83960804513333,NaN,NaN
21,LNT.O,22.840234462462,-3.16597563835276,33.4063732751658,2.36055424653725,16.0469341897966,25.4353635703596,-2.62691199105485,33.4092368699846,21.9436053173659,3.61821957146304,25.2325294675762
22,ALL,9.8766541666155,-0.117380245288234,38.8155447879263,-19.5212472260944,43.6208393667409,21.7076473443964,-9.96409748749282,31.2261426431415,38.5722640237861,50.2316409341689,-11.4502766590805
23,GOOGL.O,65.295782362607,30.8535975332052,28.1761981319862,-0.801215112967724,32.929522367342,1.85601727484237,46.6117664794781,-5.39108982446048,58.4311119907262,9.51850131599321,8.74286580130292
24,GOOG.O,65.1705596273716,31.028705628936,29.1045857031124,-1.0311544342508,35.5756523541762,1.70514442336083,44.5599388511764,-5.74078716470292,NaN,NaN,NaN
25,MO,24.2643063234847,-10.3800081690941,7.95515914005744,-27.0865929578333,9.44614663065868,20.4619217627415,23.0980414909336,34.5205311487971,28.5557246602215,11.7666635916404,27.6555875840061
26,AMZN.O,2.37677813155333,76.2560611308341,23.0277568792985,28.4316827280735,55.956365770067,10.9455680658095,117.783148058643,-22.1770856841946,58.9628094232072,44.9277874061237,-3.83333333333334
27,AMCR.K,6.20020037084143,13.4216796442984,-0.772925477431241,NaN,NaN,NaN,NaN,NaN,NaN,NaN,NaN
28,AMD.O,56.9076436593608,99.9781945013052,148.42903576767,79.5719844403094,-9.34744268497773,295.121951243717,7.49063670144166,-31.0077519356319,61.2499999832039,-55.5555555551096,-33.9853300725665
29,AEE,17.0901826267081,4.27090272410666,20.8211485444867,13.9754904287684,15.9581581600893,25.6634972230512,-2.36661272268256,32.7254048000775,23.3089483436359,-2.52812780012737,23.9189408451252
30,AAL.O,13.8871274571974,-44.8205384431017,-9.57023738741541,-37.6805179356391,12.3967968396419,11.4927477240786,-20.3484283434015,113.471141460169,2.64227642259327,NaN,NaN
31,AEP.O,10.6874070735583,-9.03100273419831,30.5260071105184,5.39180173653815,20.9286815141,11.9142922459714,-0.296278610625744,35.0718083014058,14.1617323016168,8.21091247246846,20.7887430029835
32,AXP,36.8860018727104,-1.15001054904363,32.524025596213,-2.63216827305884,36.2047936441196,8.57096792832421,-24.2181176823826,3.66740304851427,59.8427814738908,23.5729892440149,11.6230236768551
33,AIG,53.9206154057077,-23.2539813980811,33.5804980712575,-32.0881519276162,-6.86091473882625,7.76951945335103,12.1619701465389,10.7335677803045,45.2080560454637,52.1551724200294,-51.9404656385705
34,AMT,32.8874046253208,-0.47504309351214,47.8491228444324,13.3231958635976,37.6875348933192,11.2144656546177,-0.003565821127782,25.7604192816477,4.78996491299484,30.4334138424556,16.9118060816677
35,AWK,24.8105683595756,26.8794222469497,37.7791379048395,1.30949298349066,29.0190990037452,23.591106370147,14.8533502643439,29.4152837551299,16.1157562150542,20.6029525089114,30.0360272444524
36,AMP,57.8950842080539,19.7920010773477,63.9831522669957,-36.8337574430184,56.3668441723419,7.72416979424537,-17.8423783127437,17.212326094552,88.2897828963763,29.4858085021441,-12.3228354296448
37,ABC,38.0315599780122,17.0054058490704,16.4520376105223,-17.5737574618231,19.516807976975,-23.3304119228894,16.3845358303339,29.9416577028371,65.3561253492207,17.9518307139293,10.3148754678857
38,AME,22.3210808021934,22.2344514345973,48.2636986486148,-5.89259771309552,49.9777572295291,-8.62709041849915,2.50785191101468,0.55400541463233,40.9468971767569,34.7051504496286,7.89339751872487
39,AMGN.O,0.87489273349719,-1.99955349541245,27.6210349929625,15.1712906903783,22.2486976249339,-7.54818184824789,3.97117829744629,42.3168473534932,34.8041704223254,36.8040697211916,18.178701002954
40,APH,34.9456500489173,22.1381399282112,34.8987627105509,-6.82168480550697,31.8052796431288,29.8839559928009,-1.9830999456926,21.7642002496527,38.903190178074,43.5713060917506,-13.8937928477655
41,ADI.O,20.9752349026317,26.9395673717911,41.2876132553821,-1.64725360274296,25.2948120859164,34.9425988229759,2.31678284215473,12.1239204747874,24.6736058786785,21.2549507477829,-2.45664521954744
42,ANSS.O,10.2583837273227,41.3309506220764,80.0825521154133,-3.15061996729799,59.5740080034195,-0.010810819029805,12.8048780466531,-5.96330275061614,29.4921294980424,17.5628491690712,10.0057614706042
43,AON,43.3833076447706,2.36603643656579,44.6739089177716,9.6428236933366,21.4798221047434,22.4881163138207,-1.59924555848856,14.2932283186219,52.4349471469637,20.2882254009351,2.9726626881623
44,APA.O,90.7595129351937,-43.7005647308293,1.05663707748631,-36.3812893469173,-32.1339708242836,45.638764276006,-27.7350913217687,-26.2514736238337,10.521268224072,-12.7052639214361,-23.6260632027858
45,AAPL.O,34.6478677731233,82.3092131990872,88.9665696548216,-5.39130885943851,48.4753641535484,12.4808671856416,-3.01793584262541,40.6175389208482,8.06028739604585,32.5883857521535,25.5580357142857
46,AMAT.O,83.6134577289877,43.2776477077814,89.8774375309102,-34.9192232581676,59.8460457793595,75.6533055430575,-23.5089470381321,43.6833167725288,58.5618109886311,10.1833987825568,-21.8806473690046
47,APTV.K,26.6021951032314,37.5241571886323,55.876436740644,-26.7056489416358,52.3946615364295,-20.0566450594544,19.3402709464148,22.7467949575099,59.3783870887464,77.576601681513,0.984528832377807
48,ACGL.O,23.2326032714166,-15.9011424581628,60.5164670683313,-11.6887956849202,5.19179511076964,23.7132616462355,18.0203045629821,-0.988440272618896,35.5974556951643,18.2379801222772,26.8485084407997
49,ANET.K,97.8869119317204,42.8564405113077,-3.4646416706217,-10.5611681806605,143.443215872688,24.319116135663,28.1105990783412,10.4727272727272,NaN,NaN,NaN
50,AJG,39.0089242672073,32.1526651724699,31.7776349642672,19.1916240140827,25.0201774689456,31.1054071711397,-10.1553095333667,3.44223321589734,39.9847079444146,7.63736801753507,20.2730966040485
51,AIZ,16.4527053734659,6.09756192954793,49.7854133347563,-9.18941263285508,10.9755892934301,18.1507459053567,19.9302551737395,4.77088729259958,94.8257514427978,-13.5500697837766,8.65466639220274
52,T,-8.05653021598932,-21.3845826122872,45.6161300922047,-22.2413655739088,-3.9434807161433,29.8826224545004,8.32778983406959,0.649823686007744,9.75587971212888,17.5107360399462,9.00877296150187
53,ATO,12.7431157888284,-12.7219844997101,23.1441893218981,10.3737914709454,18.4018502075519,20.4228226203086,16.3333796943981,26.4724375956619,33.7618589675055,9.74032459552225,11.3905286554318
54,ADSK.O,-7.90921595598351,66.4341000748359,42.6483166366823,22.6843460840551,41.6430212032145,21.4672575064021,1.44855144581506,19.3584928288294,42.3451202265975,16.5512693734579,-20.6020942370183
55,AZO,76.8448845998111,-0.492734893085356,42.1034425251927,17.8486582207289,-9.92922169399445,6.45361297290215,19.8349243282209,29.5371804097781,34.8475016114734,9.06545219682318,19.2156718827033
56,AVB,62.1436306769306,-20.2562598028157,24.0795374510949,0.947737985727826,3.87154194005732,-0.881384964555498,16.010041855678,42.7165729523133,-9.83804119781698,6.80446890668123,19.4449190106423
57,AVY,41.4320762090652,20.8304123898535,48.537915356448,-20.2686944056469,66.7249587270436,14.5576157760616,23.7588173886258,6.21542555166148,47.4910942033216,26.1783420688654,-30.1639296943881
58,BKR.O,18.9731166776072,-15.1258333669574,20.1811172897735,-32.0480404529976,2.75352689854393,40.7800650050864,-17.6921704930272,1.46579804004145,35.2830147181009,-16.0203536233581,-14.9204128070932
59,BALL.K,4.12508298242429,45.1925777275149,41.8339641493608,22.6540185187957,1.77565968777507,3.94933521266345,7.48538380754653,33.0855527278245,16.7627402768583,26.5252422585366,5.76745097920544
60,BAC,49.5757760297596,-11.6214845936856,46.1640413492871,-14.9751362661905,35.6670889250645,33.3325556250521,-4.78141433903919,15.732457803484,34.5095582831417,109.829092641582,-58.1256640571729
61,BBWI.K,133.70386854009,107.871896814669,-25.2794570160377,-54.2286091247193,-3.85730820848597,-27.2430260951546,15.7584788226701,45.6582420292434,34.3788676066768,29.2039792769439,44.791595759458
62,BAX,8.44897018548503,-2.94030826008425,28.3937803372375,2.89248786479452,47.287071447451,17.5804620105983,-2.09947528018946,8.40412387574372,7.27899755219363,38.4243290745686,0.054209921792658
63,BDX,1.87674624190086,-6.75327644943501,22.2042201568732,6.61810095142963,31.2341902945271,9.22769779010875,12.6409556457158,28.269151110359,44.2666556277561,7.22661095599817,-9.69853538457102
64,WRB,27.3886169195629,-3.14838925362728,43.8046030129573,5.96440333642334,10.205441476077,24.7472068188785,7.76111823394483,21.6103055289241,16.0319809254303,13.5876507022989,26.8520583693366
65,BRKb,28.9515676887912,2.37086093195356,10.9315310022767,3.00676017182486,21.6222849397715,23.4322932325129,-12.0612720559956,26.6447368468707,32.1739130492073,17.5622542541833,-4.75596055922241
66,BBY,4.4697261700412,16.8077355492455,70.5078126121212,-20.6034526968503,64.488141290655,46.6243580803022,-18.8418327481039,0.062265677667073,244.204939865934,-47.297928774469,-30.2302539064376
67,BIO,29.613682368683,57.5385779542338,59.3445870297787,-2.70247623079993,30.9359227620075,31.4582431833987,15.0132713936665,-2.46743791081399,17.667777252082,9.38150770502502,-7.5204622101578
68,TECH.O,63.3936195002475,45.3897711838019,52.6702052476529,12.6067664726782,27.4057771486973,15.7545354303833,-1.29617642277974,-1.05817368166716,40.8153095392445,1.78963631122715,5.54698110245397
69,BIIB.O,-2.01747937596982,-17.4805378632851,-1.39239664766158,-5.54038358544926,21.9612940027059,-7.43267504350896,-9.75106790634667,21.4177385465821,91.0036209618248,33.0031803728107,64.1312453367079
70,BLK,29.4136422295215,47.2011742778512,31.832567754275,-21.6094450788214,38.1784400594534,14.6225222106749,-2.33574077327691,15.698949606786,56.9802390299378,19.8348875629163,-3.60879450650001
71,BK,40.5394532054629,-12.9101030104777,9.53930737293798,-10.8520157404591,15.6772999540612,17.0398144603563,3.30048867076633,18.2867148851307,38.6458999173582,32.1336565330268,-32.8561281224995
72,BA,-5.95160235448005,-33.8951494574748,3.3270522766282,11.5305482300275,94.7708944863141,11.3188919439836,14.0499610300102,-2.52709241100976,84.7379566863638,5.23568308066178,15.199737873101
73,BKNG.O,7.72066251509687,8.44999099286714,19.2351458986124,-0.881604851025231,18.5313015845387,14.9896074348736,11.8171214053887,-1.90898142125845,87.3660117020023,32.6441598453431,17.0591915949205
74,BWA,17.9309042631398,-9.20133921264773,27.1624501599596,-30.9678592494952,31.2040660587396,-7.33057618291684,-20.5199877547017,-0.859372953031445,56.9132831762049,12.3627235720553,-11.9126589320898
75,BXP,26.2161665715381,-28.3549096435519,26.0790454284277,-10.8841188465872,5.89458952263684,0.706425215170348,2.1488007112763,35.5558003170328,-0.569603681569908,8.55912608284284,18.1511493015752
76,BSX,18.1641168289292,-20.4997788593988,27.9569892423068,42.5574828496749,14.6093388763017,17.2993492433608,39.16981132546,10.2329450865247,109.773123904246,7.30337077948042,-29.4583883749353
77,BMY,2.88680966675601,0.391845892395182,27.8629360084979,-12.9093770441317,7.7170595760029,-13.4962262352226,19.2380256327979,14.184445449799,69.9522535984873,-3.78292397936194,39.4282619795282
78,AVGO.O,56.4293421925251,44.9125737336738,29.1074841860459,2.15826832401011,48.1955770869049,23.6394257681691,46.0392924929019,93.1867476844404,70.6805836752592,11.6064804567241,2.85797555676555
79,BR,21.1272777738539,26.2989713936188,30.5804115961721,7.87471815962679,39.0858353882381,25.8746975417309,18.91040069175,19.5838100783094,77.3807055986336,4.49455674901749,5.83267126061324
80,BRO,49.3013947116243,21.0567584417114,44.6644285664488,8.2892294732243,16.1496581562785,41.7894848302769,-1.0894236259238,6.25362930305455,24.7768169316663,14.0541464041359,-4.08696336883465
81,BFb,-6.07882043178543,18.6634897871072,43.7453634714735,-9.02911306616717,54.9584825342032,-8.19912570765668,14.5480261069213,17.7395696796853,21.3098290050624,27.0103591444125,17.7753908824576
82,CHRW.O,17.175635742142,23.0158227118136,-4.71111116113849,-3.60928121733339,24.5250985056717,20.9912954625165,-15.2187795211081,31.3406769445104,-5.40865940924298,-7.38163007912196,-11.5072375101661
83,CDNS.O,36.5901927728505,96.698385230427,59.5216191483549,3.96939263518126,65.8207771765197,21.191734731122,9.69952557429239,35.3067047074816,3.77498149862638,29.9038461569449,25.9079903119025
84,CZR.O,25.9324087787801,24.5305164334884,64.7058823387964,9.23076923062811,95.5752212434283,54.0909090947991,171.604938276132,-6.89655172425703,NaN,NaN,NaN
85,CPT,83.133307350486,-2.29794262975216,24.2054405775292,-1.01826663875139,13.31748543181,19.2776189238601,7.92094172499656,34.8386154286283,-13.2784314419559,13.4135109661917,19.2532824460476
86,CPB,-7.17194401397329,0.708688919062772,55.1767615823717,-29.1017618719324,-18.3096996825827,17.6460577165298,22.605192010413,4.59386065761378,25.8219335150788,9.41614104186739,-0.970920517020735
87,COF,49.2903299407473,-2.67503423038817,38.6272940966332,-22.7767325470753,16.3090168741658,23.7547132385782,-10.9072147530358,9.45835113351419,34.183807159796,37.4975579811682,-0.206374674513588
88,CAH,-0.352088395874939,10.0567707599649,17.9910343471821,-24.5043358274045,-12.6442336439188,-17.5433930260223,12.5500521860967,23.0259481836854,66.0402718203961,3.82250822362411,8.12073517135301
89,KMX,37.8678805843742,7.7449526611014,39.7576916969928,-2.18306564233947,-0.403789400504617,19.3070224201168,-18.9396215044181,41.5993194347143,25.2530634014229,23.1627296541227,-4.39146800239709
90,CCL,-7.10987996306567,-56.8860446023451,7.3935274403792,-23.3962287273698,30.7566549375712,-1.76284331330567,22.9320595338852,15.7311354320453,12.3911880807199,17.634818768224,-27.2539924475878
91,CARR.K,45.30026979772,217.240564134682,NaN,NaN,NaN,NaN,NaN,NaN,NaN,NaN,NaN
92,CTLT.K,23.0229653118097,84.8490230910198,80.5644643969141,-24.0993184011899,52.3738872311746,7.71074709735893,-10.222381633205,39.4697348632631,NaN,NaN,NaN
93,CAT,15.959736460562,26.9240066111298,19.4763304117074,-17.5414613630444,75.0025171253396,42.1696279498512,-22.9918391265952,3.46739703422361,3.42753632639439,1.58584984510062,-1.47867866258482
94,CBOE.K,42.2290690878633,-21.167462917746,24.1624970841398,-20.5973602431357,70.4655453807795,15.5185462779638,3.76262161296974,23.8232656256209,80.7817655327789,19.1007286210163,15.036667804035
95,CBRE.K,73.0070153061225,2.33317017345456,53.0719280765549,-7.55021934989817,37.5357256282356,-8.9358010429888,0.963503649085062,30.2281368870649,32.1608040230866,30.7490144453419,-25.6835937511142
96,CDW.O,56.8531847970411,-6.82395560940446,78.2507216307709,17.961349002072,34.9084276189569,25.2566825908439,20.4636853729385,51.5423381351299,27.4238340888275,NaN,NaN
97,CE,31.7082347461874,8.26481671776698,39.8354091478522,-14.3105032650207,38.5267309973542,19.4119902158589,14.2905155138064,10.1677334346906,25.4890840308698,1.24742295444822,8.06422799048376
98,CNC,37.264700982842,-4.51725783281568,9.05464006869547,14.2942109459577,78.5170766145731,-14.1315909447005,26.7404910875584,76.1662425771625,43.7804878125424,3.56150543412337,56.2352012662661
99,CNP,32.4121816537593,-17.9489773182774,0.64754080719065,3.73852679935887,19.5898145227088,40.8825951508399,-17.5665108615606,5.14962802842061,24.7725245168641,-0.17224469861904,33.4768421870572
100,CDAY.K,-1.97072072072079,56.9829110157689,96.810669765246,10.5094520990667,NaN,NaN,NaN,NaN,NaN,NaN,NaN
101,CF,87.1127759523544,-15.7845981019866,12.7326896960672,5.13890549582614,40.342723798647,-19.2923339548766,-23.5376680803446,19.3180100856169,15.9358057202426,41.3268019411994,7.94529693279105
102,CRL,50.7964460097653,63.5637601545958,34.9708429136347,3.40794884129691,43.6540228470929,-5.22453041938626,26.3199245722161,19.9849170522851,41.5532425937851,37.1020856170826,-23.1007315717639
103,SCHW.K,60.2133604225621,13.5862264572673,16.3604689587807,-18.4270860515895,31.1601513163236,21.0159114204979,9.91678867803831,17.1717247698709,83.2907700901273,29.9061526713358,-33.1184486491534
104,CHTR.O,-1.44811427707664,36.3795662521485,70.221426829224,-15.1774020759701,16.6851903436386,42.1831057398692,9.89076941499916,21.8338695564081,79.3809024186706,33.895328408952,46.2249614667376
105,CVX,46.3168061701424,-25.9740596958318,15.2779019110383,-9.77740086846657,10.6219849117775,36.6437936663811,-16.2112696894749,-6.98326756329694,19.3194523536241,5.08107596887015,20.2830113801217
106,CMG,26.0717814106772,65.6544540199366,93.8697051778801,49.3927965958876,-23.3992367172285,-21.3670938814165,-29.8987596983196,28.478921880036,79.1097962775116,-11.926333864459,58.8168908058396
107,CB,27.8839224489243,1.41536940552431,22.9227807120625,-9.63220246855107,12.8081716162421,15.5567963138939,3.87278626958476,13.8303618676823,32.2193220144632,18.5499829522723,16.0320940236926
108,CHD,18.8825217271772,25.4749762046474,8.35645431465282,33.2262044217606,15.3198184509332,5.72827478865423,9.43070135578776,21.0964364108698,25.9647652294447,19.2982568610921,34.8425321863112
109,CI,12.2721087079314,1.82691310882697,7.69805104429506,-6.46323258144534,52.2927959187434,-8.81699793001451,42.2396793436448,17.6973875318738,63.7460762467134,27.4011138412708,14.6701526640335
110,CINF.O,33.2819151427445,-14.2301012957016,38.8737824532704,6.23809409313756,2.35219767422095,31.5052787214651,19.0119315788325,2.62435240922581,38.4443721420709,34.1762820346415,1.51239048884779
111,CTAS.O,26.5042765436367,32.7185086367122,61.7351677961979,9.02327456659591,36.3498178725993,28.5650061750316,17.4081466951019,34.8265995603091,47.7941583559472,19.3201374508815,26.7500251949875
112,CSCO.O,45.7578537763218,-3.53353456789294,13.819084269061,16.5680594169834,31.2721868649913,15.1903427539819,0.624107830817544,27.9088451723478,16.724913099373,11.5957340857802,-9.63023914892864
113,C,0.998822277090006,-19.6404418618375,57.7816763921571,-28.491077597808,27.040241642596,15.9071403013146,-4.0810816244555,3.92206781566953,31.8354692018572,50.5515196398302,-44.3298762180264
114,CFG,36.945106421543,-6.67739750927704,41.8239954920081,-27.4379609706415,19.8983778964939,38.8012404881605,7.02821569868497,8.16871310328933,NaN,NaN,NaN
115,CLX,-11.5175015885378,34.484851314763,2.23741110751052,6.51893963492252,27.1233339694693,-2.98756477421734,25.0176097255751,15.9439100289702,30.7469408064922,13.8974240701655,8.78460902950067
116,CME.O,29.490507269974,-6.33032097529991,9.67677028622253,32.1469436513151,32.3365702858518,33.9169292247041,7.64703514253584,18.3135424171447,63.9806728096914,11.3139067224726,-22.677989051498
117,CMS,9.69660083162027,-0.31657679396141,29.9936881120185,8.22757505853233,17.0168089520005,18.8505929610855,7.32811086946457,34.5820730381432,13.9220435903155,15.0641371079346,23.8860623296179
118,KO,11.404491942295,2.43768983917645,20.6139591712416,6.7927785338733,14.372643435929,-0.338034952515132,5.11747559407905,5.2650174498146,17.2342294303157,6.51256213265616,9.43652132093609
119,CTSH.O,9.6383432938933,33.9612788610606,-1.08094963588402,-9.66142113622556,27.5798474890358,-6.64778406822312,13.9764527088035,4.29788076984157,36.6768495446934,14.8846213746374,-12.2526947729368
120,CL,2.07530551484503,27.159179436114,18.6133603177426,-19.1788557186984,17.8911036387927,0.435427910054642,-1.56525489864564,8.40732580582833,27.5975017209408,15.9495538105822,18.055447658957
121,CMCSA.O,-2.21966647445955,19.1578491812113,34.0428601340387,-12.7354717935182,17.4417092870442,24.9950923099956,-1.07928361995163,13.0725900149434,41.5553869767477,60.6706787826618,10.4601964349059
122,CMA,61.5270611734326,-16.8362908332711,8.42054322115446,-19.1420944866793,29.3390159218251,65.9450874799491,-9.03616626896262,0.129638391699727,59.394699148952,19.7415934775103,-38.0781444865724
123,CAG,-2.53426763355922,8.69024137077295,65.5091021513922,-41.9797677558674,-2.56467476740766,23.3019572767998,19.195871201592,11.0868220519531,17.634545808021,15.968413088317,21.412939747757
124,COP,86.6966870433302,-36.0004201924148,6.6407403458737,15.6244493582875,11.9427620752067,10.1682977266669,-29.0118879130027,1.54607203429029,27.0530483107926,9.20408158965838,10.9493629769579
125,ED,22.9802712161066,-16.9662043209237,22.546906994297,-6.61998629526059,19.2735247175676,18.9361748330689,1.41002232600829,24.795898948936,3.79452927077133,-6.72459933585776,30.815974136048
126,STZ,16.1117193789665,17.3919550578485,19.8672858586413,-28.7241958977413,50.6774553668153,8.68120106336963,46.1904871001815,39.4856493323015,98.8697372076766,71.2143202853272,-6.6817155781331
127,CEG.O,,,,,,,,,,,
128,COO,15.3265263457403,13.1027724070732,26.2690371819298,16.8360373002735,24.587880459705,30.4036642614908,-17.1768215916407,30.9428654562187,33.9816715266675,31.2494665852697,25.2806333884178
129,CPRT.O,19.1512770137524,39.9274246756106,90.3306822938471,10.6274600601994,55.8924381880526,45.7774269928965,4.16552480131551,-0.4365620736698,24.2372881355932,23.1989977030697,28.2195448460509
130,GLW,5.94596197737887,27.6543390939738,-1.03837165165609,-3.28097942434206,34.632661756737,36.223642706781,-18.3468077986861,31.2165511697627,45.0166456021093,-0.23329202710024,-31.9427173652824
131,CTVA.K,23.5406565056559,33.456408209892,2.89687457855761,NaN,NaN,NaN,NaN,NaN,NaN,NaN,NaN
132,CSGP.O,-14.4956073916996,54.4843723884335,77.3581549771743,13.6016164337429,57.5415141386814,-8.80545744835252,12.5578609159724,-0.514681980712939,106.534631308045,33.9277686198111,15.9312022237665
133,COST.O,51.8122824180154,32.6677530407541,45.6991908647496,10.5919504299265,22.3576494118844,0.276067812325032,18.9441946471936,20.4596153196842,21.8298221097291,28.4400709458778,16.7323310167793
134,CTRA.K,23.4904386519503,-4.3441776722565,-20.7780494897983,-21.0703102545167,23.2615170444057,32.5312345326755,-40.0767546412996,-23.4318129244539,56.1263129023295,31.3351505608625,100.955289704642
135,CCI,35.0770638465884,15.6083147982695,35.4645089944832,1.73560354415576,32.9255315769744,4.5006167118196,14.3274181373276,9.85172227153346,1.75997782518658,61.0714285836716,2.21309605030744
136,CSX.O,25.7045002632704,27.1122486928379,18.0397952464086,14.4728824806043,55.4299003063818,42.0802294757627,-26.751788637729,28.5147448430562,49.3314817650924,-3.92167734571822,-0.831300494437759
137,CMI,-1.66846971850277,30.5199457462292,38.0814674270356,-22.0860015409914,32.754377971255,60.7154831442119,-37.1819612589535,4.26234082644523,32.5265426648173,25.2290640189208,-18.8784891660479
138,CVS,54.8695366847818,-5.14942937761479,17.2644030145422,-7.03180847019881,-5.74644703152036,-17.8344664455343,2.90093451598854,36.5544546782777,50.3510616511984,20.3041059419554,18.9472586054035
139,DHI,58.7417865349326,32.1908744349444,54.2975023991005,-31.2674350742912,89.0516612725586,-13.6605569345547,27.8589532684356,14.311651694237,12.8412537845636,59.4997815700396,7.1257266674662
140,DHR,48.5650627053267,45.3189452818411,49.5534835647672,11.8022669747078,20.0132309973209,11.2981368269138,9.04258907577309,11.5857470597519,38.308722071029,19.0564262590203,-0.087451881947664
141,DRI,29.4869784357625,10.4345685900173,12.3144159296525,6.88200315441476,35.9605249149314,18.178662386132,25.3204105588638,12.7546154590179,25.977442326804,2.61290796863931,1.27572962217002
142,DVA,-3.10051107325368,56.4707450360256,45.802565107148,-28.7750865059704,12.5389408128646,-7.90417444272166,-7.96144705165093,19.5202777255052,14.6657016201187,45.7987073036478,9.09483379010867
143,DE,28.8586381691357,57.8855438570256,18.2958463437729,-2.89459957699389,54.8085637830175,38.8889339678375,-11.2675850474848,-0.554605663434282,8.22084598506851,14.2745140316556,-4.97349137918748
144,DAL,-2.81024620741123,-30.7684485936052,20.3947022514777,-8.66716516449436,16.2123345092942,-1.35584727868505,4.04338497972616,80.5372862877343,132.593074230647,46.7243510475879,-35.7936507928332
145,XRAY.O,7.31783307132816,-6.62478166080719,53.140007871573,-42.9982039301556,14.6622367188367,-4.640144021319,14.8456895263547,10.4856035446706,23.0995244182531,13.8519787700656,3.00475410214098
146,DVN,196.085842674278,-35.3144018614972,16.7892402447329,-45.0808250228434,-8.74943035750336,44.7331516905536,-46.5989491730183,0.368585296982737,20.6873703855695,-14.9375700758847,-20.2887335904549
147,DXCM.O,45.2315265606403,69.0225838895492,82.5876460767948,108.747168496253,-3.86934673366844,-27.1062271062271,48.773841961853,55.4645580344536,160.55923473142,45.972073039742,-31.7948717948717
148,FANG.O,127.439811450617,-46.0042947433983,0.914883534482325,-26.3491664331927,24.9257866613892,51.0612855007472,11.9103379056542,13.0441360009076,176.57949790795,9.25714285714292,NaN
149,DLR,30.6579699916439,20.4596511206569,16.5252779450116,-3.03605118368003,19.7701844237664,34.8972226569188,20.1211163470312,42.6051300474429,-23.4934970706517,6.09965743093401,35.386029853462
150,DFS,29.7928229253397,10.0778131487955,46.9483541144834,-21.7837739676685,8.90798662358126,37.4300615569956,-16.5491481847249,18.9242667114941,46.9051196129666,62.5634523211385,31.0070519117303
151,DISH.O,0.309214594928919,-8.82435861380406,42.618223697242,-47.7068062834992,-17.5729328500274,1.31164742230132,-21.5530251050962,25.8459944672811,59.1208791126044,31.2943715987644,56.8397356113957
152,DIS,-14.5104316149687,25.2713821428868,33.5141978378125,3.61607235349148,4.77295067699195,0.650864549659791,12.9205202844575,24.8306061629372,55.3396590763146,34.8030928191597,1.67937014815434
153,DG,13.0054215234092,35.8803635524467,45.6939731705691,17.548670232852,26.9174000947114,4.35622124715429,2.88284342501346,17.2082228145069,36.811068262383,7.17063684760639,34.1375937360537
154,DLTR.O,30.0629396519807,14.8750664416675,4.12976085730501,-15.8326344314743,39.0386110469958,-0.051800042521433,9.71867007910019,24.7429989408005,39.1025640914625,-2.39441703797412,48.1990014179577
155,D,8.09043343867171,-5.27411522561294,21.5070007471097,-7.60130554537603,9.91357904321839,17.7052230129924,-8.76009362007508,23.0018298987581,29.8286595784737,1.65582009602334,29.4123295666779
156,DPZ,48.4007967257316,31.6478326866052,19.6254521415135,32.3672074228319,19.808412573973,44.6916364676786,19.5130232715318,36.8986492093905,62.0787845179252,38.7655840438871,112.852664593032
157,DOV,45.725265877644,11.5361263584754,65.7733068656771,-11.040965255023,37.6780427596251,25.3522783339553,-12.4347901408125,-8.78838630785126,49.5533850687496,15.6876648420528,1.34378763510934
158,DOW,6.86006858813786,8.01281199331376,14.7901433437681,NaN,NaN,NaN,NaN,NaN,NaN,NaN,NaN
159,DTE,19.4167921640374,-2.9023834689372,21.3610035075205,4.19329128622736,14.5880399254514,26.9253937472378,-3.72067650310788,34.7454846948576,14.9443169725965,14.8908170949569,25.8891878884673
160,DUK,19.1099764092528,4.75189609294757,10.2652591818339,7.38319120757871,12.9568839264426,13.488834019209,-10.7606307064537,26.3591089466071,13.0051084370484,1.36262360857409,30.2544636380039
161,DD,14.9020709546408,13.3130768669741,-13.9629358582625,-23.1538561794272,6.60119933613628,NaN,NaN,NaN,NaN,NaN,NaN
162,DXC,25.0097087378642,-30.5380673217975,-27.9050805583309,-34.6271716648834,61.0743598017314,84.0438495607279,66.7332763529458,14.4493151737416,41.7906211743866,73.3988523543103,-51.0468829028572
163,EMN,23.5775044353286,31.4946968737394,12.0342640098312,-19.1026548662762,26.2653283361294,14.3942755906044,-8.93155033207962,-4.33564953053551,20.624782554531,77.7243306440321,-4.842535992671
164,ETN,46.6929452987798,31.1187057981251,42.7951752350161,-10.1025966667561,21.561510565721,33.8392300866889,-20.7440674513816,-8.2245382214048,44.1538703113368,28.6024013707807,-11.7841815134033
165,EBAY.O,33.8214796617122,41.1482345472476,30.5874889208677,-25.6226815021161,27.1135062315387,8.04221252672022,16.3436919022845,2.28743277634012,7.58328317230483,68.1427629278828,8.98311175588164
166,ECL,9.38544741592489,13.1993182040343,32.2836975010386,11.0869614317791,15.7973617481275,3.74944448863486,10.739462633892,1.31185160453882,46.5959891641751,25.9629468044876,16.257852346614
167,EIX,13.5987996557263,-12.7930327702109,37.6232343312705,-6.68458735899651,-9.47161281308892,24.9135146618487,-6.93752801324652,45.0274357145,5.44946600709815,12.3986603932109,10.8952192618638
168,EW,42.0037268442398,17.3176191388447,52.3078931898234,35.8974358910654,20.2881536899679,18.6376297722398,24.0069084489452,93.7043795562911,-27.0710879397542,27.5388967453855,-12.543295397999
169,EA.O,-7.69262565070424,33.747426189876,36.2438220824753,-24.8905387320637,33.3925850630579,14.6100116389345,46.1661171916718,104.947689615563,57.9889807128721,-29.514563101242,25.7631257689639
170,ELV,46.1312468911907,7.72837169662368,16.3297010343259,18.1101169847156,58.7286341600203,5.11930209234515,12.8709298215826,38.2096770459445,54.6178184259368,-6.31214434043453,18.2147759010553
171,LLY,66.0756685139922,31.0597568327878,16.1536410846018,40.4472525749942,17.8343263298619,-10.374086821101,25.3692546491061,39.753533882967,7.23775765635764,24.2658484778636,25.1475286675309
172,EMR,18.175285126003,8.60051601332146,31.5554252723778,-11.907166569267,29.0388605609512,21.0037949402863,-19.7339215599829,-9.62782846198367,36.1433260701473,17.3996861790711,-16.2090511421209
173,ENPH.O,4.25713797230283,571.526980450289,452.431289645803,96.2655601887244,138.613861378829,-71.2250712248117,-75.4373687897444,125.394321762743,73.6986301457634,-50.2724795623593,NaN
174,ETR,17.1304301604993,-13.7101286648629,44.3284937967973,10.598210091042,15.8976983597294,12.5168068074737,-18.166238478325,44.7572356184661,4.34780480299208,-8.36504695409089,8.2852286219365
175,EOG,88.611255670567,-38.6312710992762,-2.80755400721615,-18.6619365779131,7.46875429648179,44.036806013391,-22.5260516732799,10.3000454437422,39.6782967174262,23.4192943931608,8.48367933888965
176,EPAM.K,86.53550997628,68.9055429883969,82.8807861425122,7.98659591883486,67.050225476083,-18.2014754541754,64.6492146675849,36.6628506024108,93.0386740125363,29.2857142884891,NaN
177,EQT,71.5971675845791,17.2521155180343,-41.8249935468715,-38.8125826005362,-12.7984673537565,25.6869966387185,-31.0305460992548,-15.5782591241674,52.4635688622039,9.42410112188983,24.1738428096393
178,EFX,52.8397992846085,38.9984475674101,52.3157927731574,-19.969544112333,0.949894848618471,7.33526737461914,39.2883793234444,18.6515360925161,29.5154603896335,41.9094253393053,10.87461244446
179,EQIX.O,20.27495136658,24.2270668556009,68.8471387314317,-20.4100903700313,29.1809354729116,20.6955932733655,41.9970092927126,32.2172142443556,-13.9427739993581,103.353057196992,24.7846418903313
180,EQR,57.2976639240827,-23.5336297618472,26.1470224249053,7.07353861392621,2.19451752052815,-4.5748954433352,16.9157045758755,42.94801849073,-5.26313613924765,2.45222533548763,12.8881861591392
181,ESS,52.3760668833815,-18.0813968925831,25.9084743639826,4.76994601739171,6.79995757787049,-0.130269941507577,18.8692440349844,48.0040554522743,1.05637913323144,7.50630623603175,27.0559243542051
182,EL,40.0333731668968,29.7772843064067,60.331632536014,3.37655405479862,68.6847859317207,-11.9028233235525,16.9742168636218,2.33259875337217,27.204811258188,7.91034474728203,40.5402201096307
183,ETSY.O,23.0622224720367,301.602708826938,-6.87408029912191,132.616136912369,73.5993208723605,42.6150121075212,-72.4666666656974,NaN,NaN,NaN,NaN
184,RE,19.8425954822188,-13.0579948997211,30.1625721118057,0.72944246095692,4.43173683465481,21.0959406386066,9.93929749686968,11.4414963806709,44.0262121514439,33.2967224742547,1.3891144449028
185,EVRG.K,27.9703761977845,-11.6287417206917,18.3821322707173,10.9247888374371,-3.47101110879011,36.7825481188592,6.89054024563676,33.2114629160759,17.4164211729074,4.11472605357619,20.0765600340579
186,ES,8.2150695686988,4.46457751319627,34.4740347406429,6.42191314026188,17.968432028833,11.7563227098645,-1.25902175908881,30.5851629329925,12.4110831159046,12.2898999867983,16.7703644551973
187,EXC.O,41.413842104413,-3.88862969073485,4.27776457418387,18.3277418438817,15.0476368458137,32.8083476868735,-22.1683442813146,40.6103989233052,-3.47826987871177,-27.3565994036299,9.41583578808891
188,EXPE.O,36.4954682779454,22.9162402854225,-2.89801138351538,-4.96225037201714,6.65838790971447,-8.06076099870249,46.7606608225743,23.5392789337449,14.5026079255306,115.625373384346,24.3278779787502
189,EXPD.O,42.5224085953291,23.4488158649916,16.1787652778638,6.51802893873197,23.9131537341022,19.2908000250265,2.63112512049684,2.24210900453399,13.5208590427826,-2.002278423605,-24.1613368378839
190,EXR,100.953257102168,13.5737782977458,20.6898224132225,7.26699545676182,17.8133047599321,-9.17955061135943,55.1496056517675,43.9626823588804,19.9192214530452,54.3334566438955,43.0077227628461
191,XOM,57.6419844430948,-36.2131167675401,7.2516502882781,-15.1016572278821,-3.79693447348403,19.9021810343554,-12.7563907881572,-6.06919850841155,20.1366276977743,4.72150575338066,18.7140875742707
192,FFIV.O,39.0871888143683,25.9863945549532,-13.8122569878121,23.4796524931566,-9.32835821238988,49.2574257421499,-25.6812171886145,43.5890380739989,-6.47452393396461,-8.45269506104487,-18.4695759031689
193,FDS,47.4866026218506,25.1341551933869,35.5065212121687,5.02099920575223,19.4427009801162,1.741700857118,16.7175055948916,31.3087695835413,24.9377772980731,2.17294049720911,-5.89662403107173
194,FAST.O,34.0371873651644,36.5579575699112,45.0374934034349,-1.56919358827896,19.6682400408251,18.5119837572443,-11.8130527201364,2.35611243452996,3.55630814060324,10.0665426092844,47.5733696102529
195,FRT,65.9179642459679,-30.5608663184509,12.497553758792,-8.1342689689393,-3.59077081452434,-0.234438193847297,12.3098423264802,35.2317447149293,0.385294948331172,17.8522270420565,20.1947896712789
196,FDX,0.717732341047328,74.3321265739867,-4.77549432021959,-34.6622110642992,35.2188171957511,26.0678353988215,-13.7034616935157,21.3906982616611,57.5788809643525,10.5191405146442,-9.65549218849595
197,FITB.O,62.4269559041507,-5.35625985052454,35.1465589587451,-20.3158025908904,15.0027020540276,37.8469061579022,1.27284516886326,-0.753724207172724,41.9553895601541,22.50978655189,-11.3103119428371
198,FRC,41.2136357366038,25.9707126344993,36.1511935817741,1.07831136182304,-5.31763922761039,40.7195316329935,28.0155909528899,0.670992835950024,61.0369352836186,8.06867827841216,5.11675824046547
199,FE,41.7821171359334,-34.2002217022794,34.1122965859212,27.8330291577062,3.56790285646833,1.88422777059807,-15.1898519050079,23.4700984862165,-16.5266863085111,-1.08561903088873,26.0341598751356
200,FIS,-21.896818392088,2.75853375986495,37.1741372629571,10.3160027883903,26.0348960201894,26.6423672670226,-0.991448363222902,17.8730214865027,57.2999378096871,34.1198849360915,-2.22629424995731
201,FISV.O,-8.84419462497812,-1.53074460827941,57.3411348517346,12.0872416663662,23.3816334197832,16.2038049470076,28.8713540901874,20.186282809272,49.4369227048461,34.5420497232211,0.307377049596558
202,FLT,-17.9562364842576,-5.17517030136855,54.9213870413858,-3.48698228164234,35.9737139728401,-0.98649689458159,-3.88675946655509,26.9181531030384,118.397017712302,79.6116504849929,-3.39586027717799
203,FMC,-2.58287903899097,17.2507339082207,58.7459605645517,-20.9713377446209,68.7892144660838,46.5927120934816,-30.34753190135,-23.7230884653709,30.0098794564814,37.0437172264429,8.49711215826521
204,F,137.499272970074,-3.88371076209421,29.6131157391329,-34.3101172397776,8.72687597502619,-5.98524654590398,-5.44146816364628,3.71477320330904,22.3299564939917,22.5998662076745,-35.9142346634903
205,FTNT.O,141.971318925469,39.1251405020608,51.5831321879881,61.2039368276494,45.0531208499338,-3.36862367661208,1.66340508806258,60.2718243596446,-8.99143672692669,-3.62219165520411,34.8377125193202
206,FTV,8.13860765388421,11.3280580132099,13.325256095993,-6.14411459187241,35.4965738621343,25.048772586037,NaN,NaN,NaN,NaN,NaN
207,FBHS.K,26.0424009453616,32.9620355674873,74.8801648155301,-43.6523932379402,29.5210550350283,-2.5910702216973,24.0069291445964,0.155476956995493,57.5540089149787,71.579565464662,34.0944881885514
208,FOXA.O,28.2567954488562,-20.1995832859011,-0.685952687529012,NaN,NaN,NaN,NaN,NaN,NaN,NaN,NaN
209,FOX.L,-45.0000000000001,2.0408163262569,-66.779661016867,-33.7078651680442,45.9016393491364,-46.9565217372828,-21.2328767134377,-8.17610062805884,30.3278688533009,-29.479768785993,NaN
210,BEN,38.9287926174044,1.3873493209285,-9.3076307363012,-23.3356242600164,11.5709409542233,9.73020934982525,-32.5080300752715,-2.34890512278959,38.8990668589048,35.1420654340873,-10.923504212534
211,FCX,61.3823853520766,99.0738261741672,29.5290539625929,-45.0978085412785,43.7452615653641,94.8301329381555,-70.1071988506149,-35.8040294458041,18.5731390951991,-4.02379072386922,-36.8220045983291
212,GRMN.K,15.9092505004546,25.791131175814,58.128395326015,9.83130505514704,27.5833222755648,36.6003789960429,-26.069671699941,18.3989069552182,18.7106443529772,6.735541811583,34.6101287329441
213,IT,108.702166177664,3.95197923326822,20.5413016330854,3.80836377502538,21.8462451719509,11.4332965850229,7.70692316967359,18.5221674889404,54.38939591432,32.3554788549651,4.72891566338831
214,GNRC.K,54.7513301965614,126.076150701386,102.394366207308,0.363489502467362,21.5513009287767,36.8491770242528,-36.334473904672,-17.4435028270273,87.72820555403,57.7645761388809,73.3457019198351
215,GD,43.7353372195748,-13.1665713623254,14.7679194873034,-21.3472950158876,19.8436826211382,28.4442269230508,1.76171164162395,47.2176614069808,40.9785568123021,8.20776706909056,-3.8887758256735
216,GE,9.68565085999955,-2.72465038566992,53.9771656814372,-55.3891537857085,-42.9222259083342,4.58967814355165,27.5389179161609,-6.69864850866221,37.8866301939905,21.2464675064644,1.2624377871491
217,GIS,18.54186620024,13.5963241553707,43.1242359335326,-31.5520857273645,-0.6341544536832,10.3380001728516,11.5275246698997,10.2817578408687,27.2872188696788,3.28316583937638,17.2024733743093
218,GM,40.8021133525457,15.2067970127887,14.0133123848127,-15.0499295435167,22.5019303260056,7.4557623385378,1.42739121180624,-11.5350689779385,41.7620534142881,42.2298963984426,-45.0081389010703
219,GPC,43.380701712798,-2.17925422224112,14.0198055217292,4.11023165774602,2.44057657096748,14.2690603082474,-17.1423052926032,31.3919012030038,34.5593806970193,7.24317841712407,23.2323646238575
220,GILD.O,29.9609723179766,-6.62134121233282,7.88240969595793,-9.92037899565179,2.97352536657673,-27.6111141123105,8.63087400507656,25.5126498105882,104.49285227564,79.4527241645174,12.9415011174383
221,GL,-0.497413691593229,-8.93108915234528,42.3396745920428,-17.2299816821644,23.9217226307853,30.2675891718815,6.27810149285202,4.96765207736214,53.2083945933564,20.4734568932526,10.1413877006228
222,GPN,-36.9116907009637,18.5323196477101,77.2516104303547,2.9184575953221,44.4857208636813,7.65922736514466,59.9341369707419,24.3577882949851,43.690912267855,-4.21526532686913,2.70347935886468
223,GS,47.5901041535967,17.4776406915309,40.463666194536,-33.5213655545605,7.73761124348276,34.9062490204858,-5.79028763124011,10.7838482016102,40.7813033530681,43.3667694673265,-45.5951432346941
224,HAL,21.9873843057022,-21.1957417867037,-4.94598818617519,-44.6097336217377,-8.18427511394342,61.6676724056648,-11.9524050810086,-21.599412640945,48.0067252612351,1.64046882265085,-14.7810733069002
225,HIG,44.2672583149789,-16.9243196740154,39.7156150462279,-19.2398598227924,20.2474539921972,11.7969119773739,6.1241011947345,17.1229262213507,64.1264826317845,41.0306805497008,-37.5158623480944
226,HAS.O,11.886012082136,-8.41619442697347,33.4249432872475,-8.22524324616723,19.5905537159494,18.3502441847223,25.7129998235019,3.19480379851169,57.0426577788507,18.0962067511411,-30.5238707441606
227,HCA,57.5863986333357,11.6411536570243,20.2497521665485,43.3801301858711,18.6706295543832,9.44846961226102,-7.84848071465243,53.8251938695303,58.1372224202682,71.3077983735027,-28.9813023872131
228,PEAK.K,23.7455549653639,-7.67075904476548,29.1124202909936,13.6837893803879,-7.7477975451733,-9.36795379742834,-8.04196948296176,27.8039597498314,-15.7830115976231,14.184313212769,18.6507273631346
229,HSIC.O,15.9587197128328,0.209832130331322,8.39465815753622,12.3640526690525,-7.8768703456862,-4.09633984047548,16.1880279002832,19.1580605625255,42.0790847983915,24.8176315432519,4.95194657083666
230,HSY,29.5536821337327,5.90611844801301,40.2024704693322,-2.90598509952494,12.3294988406279,18.7507734628334,-12.0207647582867,9.13994846794808,37.3680861805692,19.6111457790535,34.362701633683
231,HES,42.1166359387412,-19.1889741780288,67.7225496315349,-13.1397647528151,-22.0674016377649,30.8995450961099,-33.2195205179614,-9.97919370607029,58.1834051815513,-6.0478885469744,-25.3362013769888
232,HPE,37.3820482547659,-21.9457096938978,23.7360441385434,-5.63400634878092,8.60304496463526,54.0005617428093,-7.83015062684296,NaN,NaN,NaN,NaN
233,HLT,40.2031278087363,0.472592322238774,55.474530451508,-9.39336791706147,40.2039958863204,28.6997130229025,-17.5085252700702,17.2584269619524,3.48837209280801,NaN,NaN
234,HOLX.O,5.12151585884908,39.4943497379476,27.0316301693566,-3.85964912062771,6.55533400518786,3.69604548644016,44.6896035861833,19.6420581700847,11.6935947357563,14.2781267856543,-6.9606801278489
235,HD,59.498697792027,24.5499381447109,30.5441060863074,-7.31616006610204,44.6121289651671,3.5436587484776,28.5444350788516,30.2534208587025,35.9238774998506,50.3443047080969,23.4037653509512
236,HON.O,-0.28716764245067,22.9694752305029,36.7180159246169,-8.17967531304653,35.089128226574,14.9969803643545,5.79855580348496,11.5466364691616,47.0348473423938,19.8584556202939,4.88266464185825
237,HRL,6.99876146732938,5.36379854105853,7.8561763202609,19.6832502236958,6.70101848178535,-10.6200024054191,54.4426748161319,17.2848901487201,47.2282490320309,8.78193187871923,16.3856306793213
238,HST.O,18.8653451811346,-19.7508508693141,16.5726571904629,-12.194645350537,10.1782945747993,29.2790234192283,-32.4953058412066,26.4854554770746,27.3019145697459,8.13447132948262,-16.5134080825487
239,HWM,11.6701548863205,21.0079062883222,82.5029656132042,-38.1284403698998,46.9795037825734,-16.4759358159914,-37.4920835995558,48.5418626446587,22.465437787513,0.346820805251369,-43.7946718639129
240,HPQ,57.2577707147017,24.0588164012598,3.86053255472838,-0.205671826004417,45.6686488653248,30.0940271174637,-33.2441547521621,46.0302775035788,101.111377426322,-43.1137681567707,-37.8836762362172
241,HUM,13.7986896239499,12.6942207628466,28.9404223180788,16.2726597818963,22.5984331024383,14.8433027177696,25.0764936855836,40.3588794102391,52.3054703815121,-20.5898765777478,61.5174623257942
242,HBAN.O,27.0224165660333,-11.1224571330272,31.7388500665243,-15.2523787742754,12.9805716221573,22.9214462094639,7.51044388437272,11.3660750165469,54.5203940199291,19.3081216984494,-18.578232985868
243,HII,12.1249775311845,-30.4350927209971,34.0021875861958,-18.2113492660609,29.4802600798164,47.1659177096044,14.3168770735125,26.1327385452492,109.354735584613,38.8936696550903,-16.56441717989
244,IBM,16.8053070079994,-1.19071178024476,23.5715285060628,-22.5383977397021,-3.98330479942823,25.189933801243,-11.4118838488387,-12.3945236978277,-0.18348948947603,5.934753881838,27.4204199425901
245,IEX,19.808902335877,17.1966247833152,37.945272991582,-3.16283184003388,48.5207457583877,19.5176574358482,0.047519489134284,6.96022869892621,61.3066756129254,27.8701942600955,-3.56313522573466
246,IDXX.O,31.7262488246946,91.4257266472147,40.3773787834148,18.9538304229595,33.3503879887784,60.8200767962354,-1.63890201233624,39.3908056774779,14.6228448304093,20.5821205896357,11.1817393759078
247,ITW,23.5985244528036,16.4019107566934,45.59074145219,-22.0947795861828,38.9151149435765,35.0107720518506,0.127850930935458,14.9846556446744,41.3685156140908,33.6241214159127,-10.0023985433776
248,ILMN.O,2.82162162162174,11.5331283587051,10.6058080296382,37.2740171111153,70.6419868894388,-33.2933913348759,3.99013978487699,66.9047834465556,98.9386580467305,82.3818897701298,-51.8787496056157
249,INCY.O,-15.6127845481722,-0.389372423798573,37.3171882427316,-32.8581987062345,-5.5450284225032,-7.54264638049871,48.3381206367805,44.4005530367684,204.816375682807,10.6595602920322,-9.35990337853312
250,IR,35.8445931489365,27.2942411291529,92.3577566397101,-35.2796244784628,69.2165901063913,NaN,NaN,NaN,NaN,NaN,NaN
251,INTC.O,6.01682977973823,-14.6993367756147,30.7017055261607,4.21283245712767,30.8415516678971,8.78173356872691,-2.21299559397409,44.3014685772617,30.8791949314648,-12.0335838081933,19.3315969985904
252,ICE,19.9388738370288,26.1894199647072,24.4635275937202,8.11958596199109,26.6041280534331,11.4981974650586,18.2966606518831,-1.24165449568496,82.2075409121424,2.70427208568389,1.1749895181911
253,IP,3.50155891803034,13.6498028724153,19.4803938157764,-27.7269069745248,13.0898903096374,46.9214523159795,-27.2039251322183,14.1495823401202,26.5152225144616,39.128031288853,12.4459590417926
254,IPG,64.6642011851182,7.28469924168305,16.9340919471655,6.08722353846798,-11.034120248649,3.19674604219291,14.6461462369691,19.6960616381248,63.8904761716141,15.7778566529384,-6.13908876999135
255,IFF,41.4980594590195,-13.3450167485513,-1.6763530255156,-10.1149904795483,31.9621951492974,0.397004315923688,20.1993477482298,19.9432598660367,31.5909627056494,29.718642479996,-3.81296168654922
256,INTU.O,70.2555622352301,46.1122384001474,34.1121088612269,25.8482299589078,39.2004878837709,20.1760182624223,5.84056832597102,22.0502117751575,29.7427823069412,14.3081816106899,7.01214548572351
257,ISRG.O,31.7566407408724,38.3912712509518,23.4339764470058,31.2325313750204,72.6384242113463,16.1143254723891,3.25556773925217,37.7161008123308,-21.6754695434061,5.90915962938159,79.6353055286131
258,IVZ,35.5776952308819,3.01560099728662,14.9856809964761,-52.0355957615124,24.6662702686646,-5.86700531361313,-12.817773892388,11.4399627688724,43.2653298505216,33.4655043394811,-14.5839425596419
259,INVH.K,55.5633345486923,1.24836999169517,52.2737744729687,-13.100389745123,19.0228906633512,NaN,NaN,NaN,NaN,NaN,NaN
260,IQV,57.4705586872803,15.960132033516,33.0033571630139,18.6618998948599,28.7310979593927,10.7631808874655,16.6298624104517,27.0392749195862,10.0451199227709,NaN,NaN
261,IRM,87.7818610999605,0.721492454697725,5.93740170807968,-8.01573104745097,23.5075008108452,27.4491099393998,-25.6888171659515,48.1592907469732,1.30908574667283,16.9868145911171,26.8326662403925
262,JBHT.O,50.6297206225654,18.1030926920245,26.7586273050398,-18.4073492499162,19.5961937782989,33.7899735789274,-12.0275211113522,10.1235177845524,30.2540157681718,34.1868116593326,11.741503911648
263,JKHY.O,4.29443997139347,12.3918902688287,16.4430523850231,9.38985282133567,33.3437383210996,15.2335567083962,27.4603407824521,6.53323295162214,53.0363219369476,18.3236997697077,16.8679799158419
264,J,28.5977748252616,22.3778268781937,54.9927028083191,-10.5788550096649,16.9796919885371,35.8760429097546,-6.13112553268943,-29.0522305129505,47.9680526217799,4.9038935401297,-11.4940021802882
265,JNJ,11.4484109020944,10.8514369417746,16.2099209556923,-5.13580893359548,24.4046215418132,15.3223863671935,1.1580049978223,17.3352793785416,34.6151320066918,10.8259750918803,9.89157675035823
266,JCI,77.4680573588062,17.6284152835543,40.9170813441821,-19.8463813520107,-5.13629777322853,42.3119032456891,-25.2022399865927,9.15524419284437,43.5795432390447,29.603520624418,14.379884314219
267,JPM,27.7252807525217,-5.51806141546571,47.2667693327976,-6.64578748729646,26.731436564202,34.5664597116149,8.36628920806524,9.88128151198231,36.7132446651725,36.1769596519099,-19.9749820608675
268,JNPR.K,63.3744141680667,-5.37999073031341,-5.62932445494209,-3.05708865292026,2.28519231120283,4.0856448268231,25.512706448084,-0.232846922566143,14.7432638566233,-3.62567368998256,-44.718309861942
269,K,7.46014295657584,-6.8559708520599,26.0800563311878,-13.3383272253066,-4.91620018297937,4.76823114999572,13.7966278015172,10.3317734011914,12.598000585543,14.1925305072241,2.17492472589835
270,KDP.O,17.4957687579814,12.9977339403626,15.4102164877677,65.9807619958484,9.73703087347504,-0.421277737269443,33.2041498889322,51.1832254449412,14.0024899819007,15.5191179838251,15.8526451828794
271,KEY,45.9002211313956,-14.4984941914325,42.6961774442035,-24.6332203212807,12.7366393175119,42.1383063559679,-3.10325344070552,5.52652097810462,62.4896726965228,11.9501523349293,-11.8969652712604
272,KEYS.K,56.340373987433,28.7050570036319,65.3189432892931,49.2307692271677,13.7544435364678,29.0857748044738,-16.1089724620001,19.5398230064126,NaN,NaN,NaN
273,KMB,9.68675810098814,0.99918855878045,24.5794192259026,-2.1024497057069,9.04547637735018,-7.69173390317119,13.7482079674742,18.953561594461,27.9275945338689,19.1140302003779,21.6289443284049
274,KIM,69.4729201995324,-23.6426578108804,49.7715711056848,-13.1908898986325,-23.7373343792991,-1.34177580952204,9.41688112736332,32.4388141616341,6.48892773447169,23.8573217129222,-5.94043244416282
275,KMI,23.858573096553,-30.7426250898792,44.4054905479515,-11.2035360825661,-10.5668394702639,42.6711451349568,-62.7639433276263,23.2765210464762,6.19820058200637,14.133611759743,6.29154334364075
276,KLAC.O,68.0343915205474,47.9826547549576,103.985846632121,-12.5411002740969,36.759039004247,16.9855647230651,2.04097108886945,38.6935651286318,38.1798530864904,1.43742743716675,27.7063448661355
277,KHC.O,8.00623218764862,14.1423125392619,-21.0818413930982,-42.2586167308068,-8.39807416538131,23.4417918291774,2.07085207527309,NaN,NaN,NaN,NaN
278,KR,45.400061164683,11.9064594832754,7.92381873303705,2.06625223884138,-18.9717624071138,-16.4016521468077,31.7004205457326,64.8009117879733,54.5880297990987,9.71361908950339,10.3365482073032
279,LHX,14.9822615179688,-2.69034141394509,49.211715974613,-3.37134081354352,40.7732653686731,20.7087998827797,24.0437793047639,5.40868772589236,46.7657970184318,40.2385200642371,-18.4129751070592
280,LH,54.3650208793906,20.3227522591195,33.8793922073054,-20.78239609236,24.2483252772695,3.83371076606367,14.5875810971687,18.0912772283979,5.48372201286882,0.756077705334968,-2.21792539140659
281,LRCX.O,53.6559473130061,63.9742073176772,119.314840365387,-24.3611445164954,76.1929204321512,35.1628706506037,1.51236482804025,46.8005115196585,50.7057846717326,-2.40410588817452,-28.5052143641839
282,LW,-18.3887575934796,-7.21688642326783,18.2849368045276,31.8158473806405,51.7690690682475,11.3235294126085,NaN,NaN,NaN,NaN,NaN
283,LVS,-36.8456375838926,-12.0041642336496,39.435347141026,-21.564879487623,36.2143017191267,28.7493413201409,-20.5046632948975,-24.0121173120865,74.7676179598935,17.2035581387592,-7.0076169669617
284,LDOS.K,-14.1840939143714,8.93145868857128,88.8265073799201,-16.703453069757,29.1010877374048,26.8989604678936,33.9986775587739,-3.21322794269847,66.2477547275894,-5.00782047628564,-22.5094577518647
285,LEN,53.9948111269623,37.9968764970259,42.9505001654076,-37.9060344323545,50.3292162522502,-11.9110359363921,9.50783715491248,13.7333477217175,2.75078812539538,97.9305204307768,5.7508593124485
286,LNC,39.4421059966959,-11.1209244209085,17.9365240309399,-31.9998706100408,17.9523881057042,35.0424233663838,-11.5582052329366,13.1334260134739,102.160386979656,35.2770980712833,-29.5928621544033
287,LIN,33.3820576058494,25.9025923290803,39.0591115425788,2.98587629334794,35.1589396160148,17.4820102585987,-18.9754863631039,1.63162773312546,21.2519606865226,4.54407126229264,14.2423519547095
288,LYV,62.8878606423514,2.81236883357323,45.116751271435,15.6918017289673,60.0375939945338,8.26210825956084,-5.89812331983163,32.1356275260865,112.24489798264,12.033694352627,-27.2329246969309
289,LKQ.O,71.088899794008,-1.28851540706145,50.4424778934315,-41.6523235831353,32.691680262435,3.44245696206125,5.36984352126473,-14.5288753790873,55.9241706121786,40.2925531932726,32.3943662073535
290,LMT,3.1895896619738,-6.44661721553842,52.5336103166678,-16.3348313849821,31.7530155355611,18.3787696697502,16.1854150121031,33.7270585303907,68.0182402394565,19.501620248874,20.6882334553472
291,L,2.92595020999828,-13.6945455936366,15.8994583113423,-8.54916956377789,7.39419744150829,22.7049146872655,-8.02569433287,-12.389433619452,19.0324821093421,8.91488387494435,-2.61945583970851
292,LOW,63.3327983900137,36.4097816054956,32.2425805173419,1.22361434626259,33.2540314387474,-4.87471279492825,12.1413187311244,41.192873666973,41.793369245936,42.9029075072089,3.38731133722461
293,LUMN.K,38.8455794944762,-19.0881235794282,-5.29071245107384,1.89594749000508,-21.844614408216,2.22227602275347,-31.7886222961661,31.6896230007614,-13.1652400207248,13.2220842387166,-13.1335292621741
294,LYB,5.02633098280532,2.57059496228551,19.4463047404004,-21.663091575308,33.7007286063406,2.88553374158798,13.2123253505705,1.73544344906418,44.7300742914731,92.6199364483887,10.4099514757978
295,MTB,24.2890692177693,-22.0905591710649,21.6609779164277,-14.5950123283576,11.3655977689841,32.116474530039,-1.29926050157004,10.4166491180655,21.2904440880559,33.2336274370807,-9.14940118355343
296,MRO,149.749499528514,-50.3760156888107,-3.91975292436384,-14.3551389092625,-0.797024191519369,39.8825685766788,-54.1658859491138,-17.9954349086359,17.5402265984939,7.23281329206771,32.954933715123
297,MPC,60.9944991584728,-27.360560546282,6.0805443072188,-8.18953658988489,34.7517451523799,0.675764577669114,17.3350947709781,0.427035715718826,48.5727577642379,94.2085914211257,-13.6201274053262
298,MKTX.O,-27.5098648040649,51.2929974047458,80.677092465889,5.63380754495355,38.2885357868111,32.6883819490803,57.0130656041125,8.3196511544634,91.6625346511041,23.6465042079431,46.8570342062234
299,MAR.O,25.2577319587631,-12.534327537944,41.5237724798536,-19.0395552491807,66.2204461199737,25.3764671477469,-13.0125404361041,60.037286651713,34.438537564798,29.5013109368915,-24.5957655825879
300,MMC,50.8167681174884,6.84439069403351,42.33020842912,-0.12792292395819,22.716683662816,24.5179923781322,-1.06202801645763,20.9388365871231,43.8051646957171,12.0444347753494,19.1262087790978
301,MLM,56.1197873821226,2.59185094259233,64.1721438227387,-21.5379542801553,0.575134259125898,63.669931479977,25.0927458437912,11.8002962631951,7.71858777656911,27.602286655276,-16.5631031155653
302,MAS,29.6157057390753,15.7659270728426,66.2698526719216,-32.6972786815133,40.5478860067734,13.1365408433917,29.6389579392856,12.2885151961055,38.8657145026342,62.6852077530917,-14.9682681819728
303,MA,1.15633555729335,20.1741453528367,59.1599149992971,25.3195501219815,47.6765729230921,6.90964766103013,13.8040436160328,3.72911670506393,70.67343309197,32.0943631318381,66.7174487507479
304,MTCH.O,-12.5272835504995,84.1310437218366,91.9803600654662,43.525238677145,83.0994152046784,26.1992619926199,-8.07327001356849,NaN,NaN,NaN,NaN
305,MKC,2.67501575149327,14.2625113887817,23.6494419636188,39.0062426417237,11.3356943890536,11.0542841127101,17.4803299611493,10.1001213645262,10.7114870232676,28.675551662078,10.9598193818418
306,MCD,27.8065943610166,11.3204809397005,13.9704040632534,5.78328964337953,45.0232474745275,6.20380389657227,30.4216908973445,-0.111468549446436,13.6106945625408,-9.26478234858182,34.655175472016
307,MCK,44.2228883563429,27.0739112756839,26.7273279761494,-28.3925441725363,11.9442490588523,-28.3040386749386,-4.5163941529609,29.262058522306,67.6469776337516,25.5916872267,11.7810514702835
308,MDT,-9.81485309370765,5.66838477252818,27.3343287955052,15.1886549713064,15.8864716598983,-5.44140707387953,8.62080812109343,28.1309947397041,42.8749444389535,10.643439282917,5.80921693319638
309,MRK,1.81362843846562,-7.21370209015089,22.2620937388068,39.9956876529484,-1.47429099529757,15.0513261813788,-3.87274534241361,16.9482834060138,26.8024469571673,13.1262620751541,9.53844088815672
310,META.O,23.1329623663786,33.0864799019873,56.5718208952749,-25.7112093303392,53.3767926968143,9.9273839076059,34.1450910107111,42.7656498699507,105.295326393959,-30.3728833066506,NaN
311,MET,37.3487337165092,-3.53565339186002,28.8495910490737,-15.8112846133893,8.4933347754349,15.9637629254248,-8.29775412071457,2.94787912276726,67.4892804090649,8.04344828883166,-28.3037081206649
312,MTD,48.9198722448406,43.6668011265834,40.2595565592627,-8.70674070695013,48.0122324118176,23.4216966958641,12.1239172108626,24.6795003926936,25.4992240147683,30.8645318550823,-2.31466172681851
313,MGM,42.4654192503311,-4.46637217577798,39.696731533884,-26.1540121290849,17.4777760094441,26.8926056276712,6.26753975615368,-9.09863945194284,102.061855674844,11.6011505334261,-29.7643097633186
314,MCHP.O,27.4594432395628,33.7166569181022,48.0685681757491,-16.7112608136296,39.4659912126083,41.6659007160877,6.31730815073079,4.00680893081404,42.3881518522565,-7.20278584577837,10.3055101025533
315,MU.O,24.0356477786645,39.7917441448966,69.4925937665545,-22.835603109327,87.5912408742492,54.8022598836915,-59.5544130255652,60.9655172404915,243.059936908847,0.794912559591365,-21.5710723190166
316,MSFT.O,52.4761255436953,42.534555628663,57.5706922785695,20.7990935923064,40.7169192370141,15.0667006560589,22.6958671948084,27.5444358765159,44.2846812368235,5.8368659193307,-4.52096480329807
317,MAA,85.7969577334483,-0.675506997228992,42.5148959889629,-1.04466716618581,6.26831888510615,11.5935033313143,26.4604768007625,28.4190470371915,-2.19192870978294,7.83815332519482,2.50213924031741
318,MRNA.O,143.112855365176,434.100204488911,28.0943025508521,-17.9032258066294,NaN,NaN,NaN,NaN,NaN,NaN,NaN
319,MHK,29.251507626818,3.35093121772485,16.6039671635998,-57.6078289279928,38.1710737164691,5.4332330108289,21.9039649896817,4.33848219880415,64.584945296276,51.1612364186118,5.44397462994495
320,MOH,49.5580214406619,56.739627090268,16.7527103801961,51.5649452337013,41.3195724278945,-9.76218193974497,12.3295348370476,54.0431654707958,28.4183296301422,21.182266010453,20.2692396862096
321,TAP,4.0749088064834,-15.164778426158,-0.464763424329706,-29.8863623073766,-14.1086785111777,5.35346948350741,28.7421171974356,35.6794028523979,34.6852491566257,1.33133211633745,-10.6946261550015
322,MDLZ.O,15.8852790981469,8.532832076716,40.4252843099923,-4.26858172084738,-1.58473265056874,0.546826974660131,25.3885283852921,4.57920851826745,41.0772348176089,7.05608852076265,22.639605481959
323,MPWR.O,35.4879495102032,107.456398723987,54.7939347821778,4.48631431455691,38.2199227677738,30.0405211817074,29.9838794950853,44.9424335760465,55.5655296321434,54.7198345703182,-8.77723971272758
324,MNST.O,3.84948096885791,45.5232100622058,29.1141812288028,-22.231000154371,42.7379341416507,-10.7007699906101,37.4803876346636,59.8790025112813,28.2551097659666,14.6950292927547,76.2433052787005
325,MCO,35.5709880823608,23.2764502827989,71.2515839377477,-4.10453085352183,58.5145820401237,-4.58930692916453,6.08838270386873,23.6658470176415,58.2176749073217,51.8550254240203,28.9556735395186
326,MS,46.607626087507,38.0566195494211,32.655469469047,-22.7666437919376,26.6210708369735,36.0587983178954,-16.7527506659403,25.0878709139337,65.3323019034946,27.9179856542995,-43.9252194160837
327,MOS,72.153471519196,7.56651832767519,-25.2783582465601,14.2168761802331,-10.3936785811874,10.7116450829916,-37.9456126443052,-1.37710441380721,-14.9103805193218,13.6843263102104,-33.7673461316668
328,MSI,61.9050277030055,7.39038625991941,42.1880125005195,29.6329949886302,11.4514562712957,23.8962405845996,4.31177366157773,1.41307872502945,23.5498922783371,22.5907614239862,25.8774680256128
329,MSCI.K,38.1409853852741,74.3880594601221,77.1739629094721,17.9302130644897,62.6035472007887,10.6117193087966,53.9991160507864,8.95738370688037,41.0777670309728,-5.8912845400732,-15.4774127359171
330,NDAQ.O,60.1217113163153,26.1203314436991,33.8672727387792,8.20206909405283,16.7567811189828,17.4887181447513,23.4052291034523,22.2164795317312,61.7868868144066,3.69141526711028,3.28697850821735
331,NTAP.O,42.4467260499609,10.8956724423613,7.44265253806125,9.6593258866525,59.929259937506,36.5721293495597,-34.6827329200432,2.40808034817188,23.5529524491232,-7.49931072335449,-34.0065502193516
332,NFLX.O,11.412349971335,67.1137620963367,20.8884405659501,39.4352990249859,55.0565428156802,8.23570553730388,134.378619074424,-7.21405871870997,297.634733804743,33.62678596883,-60.5634604425745
333,NWL.O,6.75556095959158,16.9030888610229,9.44046352565961,-37.5194287173631,-29.3587218708144,2.97634330472307,17.8655669661293,19.9401769120527,48.9203212784684,40.99567206027,-9.51335526614463
334,NEM,7.42221066141748,40.2827285496211,30.5245492409715,-6.13817000403112,10.8987044306298,90.1104396442343,-4.33662040520245,-17.1506706018691,-48.5105003433706,-20.4091602745412,-0.683538433442787
335,NWSA.O,25.1864110936036,29.1002307583139,26.4147588675165,-28.9915478414962,43.6757950941522,-12.8405593720976,-14.18550974439,-12.9300776903842,14.0506329163029,NaN,NaN
336,NWS.O,27.7136898430862,24.3859520298337,27.4426628087272,-29.4653666696811,42.8492683387451,-14.1776140518135,-6.7094359824907,-15.4234436362337,14.8100450744469,NaN,NaN
337,NEE,23.3935528852999,30.0787219960696,42.691994085104,14.3047413694857,34.3637228143607,18.4235589326678,0.745039545515347,27.9149226628537,27.9801315727796,17.9160558897908,21.8559980098464
338,NKE,18.6976449162332,40.9597365724243,38.1011328429547,19.8558062453923,24.7026259425531,-17.7061243872704,31.3863089827202,23.7585706340762,54.4982704477533,8.65873048011543,14.4788473348368
339,NI,24.7542069377794,-14.8600889661398,13.0240760225712,1.9248186065399,19.2811673298001,16.6955736386768,20.4552131810088,32.5686477348349,36.4613270398372,8.59383783356307,41.4132140571438
340,NDSN.O,28.092577422466,24.4609983466577,37.8737042757942,-17.6452953600318,31.8408994488519,76.7503287309281,-16.6332806217186,6.04463139986688,18.8358322842386,54.7478035227909,-9.53941252528404
341,NSC,27.2557070282146,24.7304800838777,32.3915183806423,5.21598205798228,36.8202226235951,31.4440481236048,-20.8059262263877,20.7298409721798,54.2111952007599,-12.742709774053,18.7885742924825
342,NTRS.O,31.6413540874406,-9.1168093373035,30.5748806392257,-14.6757097930601,14.1656099955268,26.0861939883781,9.07302386720095,11.0966145414304,26.1172457352032,29.8259427799729,-26.5585248526193
343,NOC,29.3268732447447,-9.90547827945787,42.6928007694505,-18.9616911574603,33.9021643752391,25.1890369653042,30.455253687557,31.3718709427784,74.3632414432289,19.5942357219211,2.93622607364883
344,NLOK.O,27.5923902522801,44.4035970348925,35.7508573861202,-32.6621525298271,17.4550020901483,41.3071647388736,-18.1446111914303,8.79983036840097,25.2922422959515,20.2555910475901,-6.51135005634748
345,NCLH.K,-18.4427841132521,-56.4629344296135,37.7919320622736,-20.3943661938388,25.2057371304672,-27.4232081893513,25.3207870039531,31.8297152576216,43.0818878548243,NaN,NaN
346,NRG,18.554147827959,-2.14199863657749,0.689165667685443,39.5876423903648,133.701349079669,6.404285117057,-55.0323387711525,-4.47591472595504,27.019684637943,27.9825098671387,-7.26714431824476
347,NUE,118.446596236517,-1.8465562396867,11.8740323624221,-16.3562437472492,9.5729066551107,52.1124098333002,-14.8920446002648,-5.41200960654638,27.5185276010393,13.1231156907025,-6.26527542772346
348,NVDA.O,125.478203207687,122.302009761938,76.945361712649,-30.8157023909366,81.9810147150025,226.940752430462,67.0973461974203,27.4027930574744,33.5157472440547,-10.9666225854216,-9.99999999999999
349,NVR,44.8302147622713,7.12764644294663,56.2751591198439,-30.5348581279213,110.198921513141,1.58247108805878,28.8294010208939,24.2999580840684,11.5228260866627,34.1107871846421,-0.726462339002287
350,NXPI.O,44.8377111578368,26.5567530866124,75.7101020551852,-37.044874516855,19.467401281236,16.3323442200674,10.2748691024378,66.3400827372045,74.5054160057291,71.2433311651984,-26.5647396083515
351,ORLY.O,56.0487880327902,3.26518504370266,27.2790636869952,43.1487486509122,-13.6022412920137,9.86110014998651,31.5647388713398,49.6542615162478,43.9387161674108,11.8449030731758,32.3237338618197
352,OXY,67.7152913137571,-55.2519390544737,-28.2166602609061,-13.0183136216449,8.5561525156018,9.91436715459497,-12.6111860546894,-8.86331449967214,27.7527986852659,-16.1389345340914,-2.6317465252036
353,ODFL.O,84.1485044050241,54.8142030787707,54.3614461546749,-5.79141747413204,53.950230860638,45.2344675763384,-23.91808345993,46.4353074272981,54.6674445869855,26.8689225025751,26.6958424472038
354,OMC,21.9370745351841,-19.4274233031396,14.3568907142409,3.93784837732227,-11.9311976389037,15.4065744901405,0.360102731890399,6.90078074683043,52.6618291193378,14.7958866974328,-0.370483734027105
355,ON.O,107.516040329972,34.2493847404565,47.6680799616181,-21.1556828998556,64.1065830639123,30.2040816297802,-3.25765054071985,22.9368932101454,16.8794326211936,-8.67875647782397,-21.8623481856215
356,OKE,64.8488580805191,-43.3626012055393,47.7745186666443,6.28430880631923,-2.07932156972403,149.365952479624,-47.3645165332736,-5.3164352095195,49.6495520167508,1.50834137694305,61.2364946660238
357,ORCL.K,36.8690446104457,24.2157364278702,19.3343349119015,-2.97262776758032,24.9338464166417,6.89190199714653,-17.6293510889403,18.9780317228437,15.6836470998006,31.7226158283398,-17.4600952287124
358,OGN,-6.82170157482803,NaN,NaN,NaN,NaN,NaN,NaN,NaN,NaN,NaN,NaN
359,OTIS.K,30.4117588183965,50.786004734058,NaN,NaN,NaN,NaN,NaN,NaN,NaN,NaN,NaN
360,PCAR.O,5.64534220886146,11.7320028626885,45.0409107424113,-15.3145709121919,14.7880350840064,38.335529045489,-27.1599768927069,18.1715584068919,34.7908370887241,24.7793482453139,-32.6458379971354
361,PKG,1.6103509457652,27.2669219536245,38.345831086852,-28.8611512780234,45.4923732487889,39.0909658146828,-16.5873519717646,26.0915229625683,69.390407407368,57.3454690375359,0.671831636798892
362,PARA.O,-17.1699414974162,-7.60912749874656,-2.33929770627307,-24.8722665357167,-6.17238849229157,36.6072124960179,-13.8516324414292,-12.3803539727356,69.0963590470003,42.035095174801,44.4547018808522
363,PH,18.304349073466,34.7207044812716,40.7571236801358,-23.9997452143653,44.917329359986,47.5486103284279,-23.0824145680944,1.96960220661257,53.9251619736943,13.7504049399869,-10.0741473333533
364,PAYX.O,50.1749175022682,13.2293713716064,34.5416218292319,-1.09843823384308,15.4460785635057,18.9971564046133,18.4032749420413,4.92447292873546,48.9388448828584,9.70172559583653,1.46954009697908
365,PAYC.K,-8.19458264234371,70.8150778099196,116.21886484185,52.4337109355615,76.5882611436129,20.8875896817075,42.9168249174631,71.5309446300316,NaN,NaN,NaN
366,PYPL.O,-19.4790777113577,116.511047428673,28.6359852537203,14.2216788872763,86.5214086615121,9.03314917629658,-1.38926722881248,NaN,NaN,NaN,NaN
367,PNR,39.243374330656,17.8899657827354,23.6968514701658,-18.8673302317861,28.6481108169475,15.9895114825247,-23.7999489686478,-13.1622937269526,60.664502020617,50.854365022871,-6.86912560199517
368,PEP.O,20.5392616818209,11.7085938155842,27.368198192288,-4.81213283891212,17.814920905661,7.79645144673857,8.7474842711859,17.2607843220204,24.6475245858123,6.39951647581358,4.74576414511207
369,PKI,40.3692550641126,48.1941684186023,24.0060587395644,7.80359584475505,40.8490775270965,-2.11928810643803,23.2149510032978,6.75394850634901,30.9578179196155,60.4120188329384,-21.6206313806902
370,PFE,66.7393901326355,3.21404608711879,-6.91888388672999,24.8196595250117,15.8823650002458,4.46259480579789,7.10232786009122,5.30232828952548,26.2178385916731,20.4098025867799,28.7708476927039
371,PCG,-2.56821829855531,14.627414908913,-54.2315789467097,-47.0220834276994,-24.5082762373507,17.8983408960615,3.45994701542738,37.3519483584871,4.62772305579828,1.72069438495774,-10.0535319107971
372,PM,20.7986574921485,3.8635296608426,34.9694020188082,-33.2377126415425,19.8810947536853,8.5786462243725,13.4175762225842,-2.12054082452612,8.49579282157871,10.6337125623361,39.7524794798899
373,PSX,8.49697505452867,-33.9238527283303,33.994654312298,-12.2951271534586,20.9619014049122,8.98052695618474,17.1210642342244,-4.76934569275698,48.3283976666592,57.9342132796877,NaN
374,PNW,-7.78883501447329,-7.65620938014336,9.03113889167455,3.56374795597472,12.665379379108,25.3228485131277,-2.00189576823434,34.4814900917072,7.85896002436721,10.3274381250652,22.0009515738275
375,PXD,66.2258994399224,-22.8419797794714,16.0727891991202,-23.767383806527,-3.96313503455173,43.6918056828328,-15.7181655986595,-19.1001256044542,72.7812467097744,19.2137413257923,3.16399090173156
376,PNC,38.217232064841,-2.73244874922409,40.8924757337475,-16.9779297937039,25.9592962920349,25.7809427658115,6.80661744521862,20.3194869467821,36.4515969690888,3.66678341103732,-3.06006564205279
377,POOL.O,52.9657991366068,76.943785064846,44.5023015250277,15.9711420575628,25.7826894719775,30.8661858530831,29.1107599385723,10.7142430854513,39.3354161105779,42.9274132790696,36.3053223437889
378,PPG,21.2761557318529,10.0366333772296,32.8106410674114,-11.001965968921,25.2505410516158,-2.61029261434069,-13.3840723598457,23.5076232990777,42.313650955429,65.7239854530778,1.98800660501435
379,PPL,12.9111217647681,-16.728889907315,33.4248952532956,-3.06448034744917,-5.1993391091231,4.10159854157901,6.21665680931838,26.1698635990682,10.3364369416926,2.34126032261548,17.5810464011144
380,PFG.O,51.4136542249161,-5.04571907031527,29.7872992369227,-34.9897476154601,25.5017256539292,33.1074755738052,-10.7585509621238,8.03163835084542,77.1865854918181,19.3771537213611,-22.3443125045561
381,PG,20.5379252684289,14.1496209707813,39.6981686272689,3.61827173786482,12.6944160416958,9.37273295137742,-9.95531416554294,15.42169864927,23.6867464325504,5.18075862594483,7.04308113397056
382,PGR,10.8190679382625,41.5170987494845,25.0577744279386,9.36858936560372,61.5717498560036,14.8883173104369,20.949038357831,5.3248118676573,30.8672262553814,15.4539914965086,0.160396878505198
383,PLD,72.3295011813668,14.6284159642539,55.8520172152646,-6.21303352396743,25.9108000407513,27.3226726795337,3.57781697250974,20.3038956479462,4.29321494107384,31.8856270303098,-7.98107212543311
384,PRU,45.2389000422681,-11.4831558366393,20.0553733313473,-26.4605025610539,13.6434908664535,32.4820047156299,-7.34572603621524,0.632555203960661,77.1315971969596,9.89759987444101,-12.0805540732341
385,PEG,18.3293538808109,2.38497598293921,17.0827440180807,4.6706249224806,21.7733524063039,17.7785475862888,-2.78409235459942,34.3634292161529,9.43009045075929,-2.94039231923555,8.25398038724707
386,PTC.O,1.28751776607301,59.7142475643484,-9.66224365734392,36.4159947302649,31.337799876112,33.6124747416159,-5.51159618196533,3.56032778205546,57.2190137827269,23.2749178467678,-18.9525077668708
387,PSA,66.6222355724058,12.560025386774,8.97215443041539,0.62810448606041,-2.88839329757665,-6.89939147145167,38.3357924871326,26.8351251253605,7.4065456582209,11.2988101008705,36.7534364248017
388,PHM,34.0455897896371,12.6475288657095,51.3266876105242,-20.7611578482317,83.4135201903804,5.12472209015311,-15.5372069823127,6.57103453130665,13.1466955946122,187.797147363265,-16.090425531467
389,QRVO.O,-5.94214229867087,43.0525681975557,91.3881113153792,-8.81381381268056,26.3038118735997,3.59528487463214,-23.2971669726307,221.511627920081,15.1785714223633,-17.0370370353137,-26.5306122437728
390,PWR,59.499258574075,77.7409221314066,35.8393509131244,-22.9353106588713,12.2238163564364,72.0987654234306,-28.6720676276168,-10.0443599494745,15.6467570541,26.6945218130064,8.13253011779096
391,QCOM.O,22.2809190482322,77.0044127908057,60.6711790630886,-7.5922670334411,2.03430463737366,35.1120433347955,-30.6392116113879,2.25746476349218,22.3660566475019,14.8929082619298,12.2563944288548
392,DGX,47.8559974556352,14.0359050028847,31.147949147359,-13.8413665642563,9.15846464497882,31.8946728364427,8.35251443013281,28.0587691919296,-6.24467772279264,1.49577757434121,8.37727013733261
393,RL,16.6282069780478,-10.6810690684994,16.0546399926275,1.80205124563153,17.5116113528536,-17.2286176156054,-38.7933984478403,6.01228623959422,18.9228448901163,9.59687175512629,25.2301104515031
394,RJF,59.4961349569741,8.69591467922497,22.78413546338,-15.6507035005463,29.9801171929582,21.2973111140826,2.53603160578899,11.1155708048722,37.1865740532087,26.2923567809384,-3.76232852653178
395,RTX,23.3162590396918,-16.7071181207552,43.8028117565775,-14.6875066466402,19.1085013138029,17.1161743272433,-14.4535440401101,3.22475459373173,41.8619800627844,15.1800934163995,-4.96364296351335
396,O,24.0739917191673,-11.557582245384,21.2526830892667,15.9306285103135,3.6818360735954,15.7811291424199,13.3846017024053,34.3430794482919,-2.31515402373134,20.3215359662841,7.52501867735651
397,REG.O,71.389142858471,-23.9122083893944,11.4225215474369,-12.0166367154243,3.58744104165489,3.96878905157818,10.0261079808402,42.5376148716968,1.80766437184543,30.370395449865,-6.84556229959539
398,REGN.O,30.7197118668624,28.6646425946914,0.530120490163966,-0.654324924593786,2.41630117918612,-32.379759428983,32.3266301074407,49.0517366703012,60.8932016076166,208.623489097589,68.8394760828241
399,RF,39.3942442962272,-1.63314000629475,33.3012583583077,-20.570483949552,22.9497016788233,53.3980146033863,-6.92198858419455,8.63177722982284,40.2200149170516,66.8248864941281,-38.0700036668372
400,RSG,47.0319405954811,9.53010890087436,26.6079366566987,8.84179880920128,20.9558835735459,32.8511717383258,12.4168292729732,24.7448637269871,16.5887509135061,9.97605346164072,-5.03894363964529
401,RMD,23.4143127524551,38.3447309641532,37.856167464144,36.3796995568558,39.0665288541304,18.0164399557735,-2.29849373962188,21.6177751645361,15.2241614597498,65.0997353263724,-26.6743648975016
402,RHI,81.3390362163288,1.36849531767724,12.7504460635729,4.82099264982134,16.1586329041006,5.76980817382653,-18.0904040906373,41.1690746706765,34.3022646247849,14.1989237052724,-4.97800307481354
403,ROK,41.1907252251813,26.132986478276,37.8548176721434,-21.7695438842178,48.8699709892106,34.4408807559432,-5.5575311584363,-3.88978407528688,43.7271025366869,17.1894032356251,4.48966068554382
404,ROL,-11.4318849364998,78.4951432714962,-6.96080225502774,17.889869707859,39.61330054441,32.7549893696902,19.3065388730293,11.1766412322567,39.849650484638,1.14909896696602,14.1357269390288
405,ROP,14.6802061075457,22.387775280015,33.66145514421,3.51878815751321,42.3844812361273,-2.88199092158988,22.1270873555411,13.3827789093537,24.8864087790037,29.2581029532741,14.2908189089189
406,ROST.O,-6.04305442933952,5.89540655061969,41.3380121350421,4.78274079389283,23.5254775129379,23.021386043822,14.9669804403105,26.4608794744198,39.2461185144409,14.3427582690064,50.7183331580291
407,RCL,2.95889677332988,-43.3932647946612,39.953402508073,-16.1435269440381,48.2346650173175,-17.0927474464351,24.741154564523,76.939785279311,42.105101292066,39.3565021092909,-46.861179559069
408,SPGI.K,44.6877342596566,21.4050484823382,62.2612011651913,1.36382957725432,59.3063527257212,10.5497924288722,12.2684405972078,15.4538628306805,45.8868152058046,29.9316568353844,26.5900198453233
409,CRM,14.2003325394329,36.8236596152207,18.7413302138794,33.9821970078247,49.3280747902587,-12.6785714264062,32.1868150389734,7.46512049340442,31.3265913055521,65.6810565675114,-23.1363636421206
410,SBAC.O,38.9467202868805,17.8213280058719,49.2974032751711,-0.899853091605463,58.2025953752407,-1.72266108936728,-5.13723365643786,23.2858414973252,26.5708650282176,65.2234636816464,4.93404983087495
411,SLB,39.5819195611601,-43.836180076996,17.7199165858016,-44.6313043947808,-17.3597963671412,23.5033703844384,-16.3337346458271,-3.62929651600147,32.0717587016205,3.02743402447352,-17.1688416951054
412,STX.O,87.5634693901908,10.0525007948987,62.0783369882175,-2.93655126050598,16.7126368551542,13.4428512099876,-42.3253206858193,22.4366961676642,89.828206990763,95.2939459545191,13.0114253899228
413,SEE,49.3616987976721,17.0130148793362,16.099909348361,-28.1906333827864,10.2575196566293,3.00191314490947,6.26468154180544,26.4481000261908,98.3697723251171,4.98419080280379,-30.690331455513
414,SRE,7.37820373746012,-12.7934227167244,43.9744515460589,4.46272558476719,9.41662024999099,10.1495603643964,-13.1665802423791,27.26470774849,30.3467682359151,33.8346668323086,8.74036969998393
415,NOW,17.9278019003328,94.9667044465445,58.5622016236611,36.5518828100612,75.39682541392,-14.1173752334432,27.5755342574997,21.1390823118293,86.5134865153633,22.0731707285075,NaN
416,SHW,44.8885766561065,27.054330621405,49.686959747368,-3.23411534343298,54.1206191625703,4.78694999356075,-0.352863644282764,44.8482402900605,20.6643612500359,74.4890088967082,8.51513212577479
417,SBNY.O,141.471936902705,1.20714137090447,35.252535444641,-24.332415472119,-8.61517975362033,-2.06689704005831,21.760876464694,17.2593557992944,50.574712647565,18.9198199719588,19.8361965543561
418,SPG,95.7672280189089,-38.6037495658092,-6.74564715072,2.54144488161812,0.971414108324242,-5.51847692274498,10.2335873189736,23.360648777531,-0.928529224345109,26.0199132353964,33.5626393233863
419,SWKS.O,2.73676366541726,28.3356351858857,84.1153848213425,-28.3074387434675,28.6862206695872,-1.21036774095532,6.64432582770451,156.334750621749,40.6896551715011,25.1541306972804,-43.3461404106053
420,SJM,21.0348691502186,14.5390278312159,14.9086268736979,-22.5804616879994,-0.491692303702651,6.01435960011139,25.0026336030998,-0.120146829155454,22.7306669082892,13.1369796975946,22.1581618845463
421,SNA,28.8411135757777,4.0066762286062,19.5423195666495,-14.8542388150997,3.65291485067178,1.53584400748659,27.1250499677431,26.7682448304195,41.06050746462,59.4112281924262,-8.37610142360082
422,SEDG.O,-12.0800952619703,235.597854664621,170.911680901807,-6.52463382833462,202.822580647938,-55.9815406467738,36.0869565265706,NaN,NaN,NaN,NaN
423,SO,16.3473435830586,0.663024767841902,51.6183061310982,-3.75143356677758,2.41445937256293,9.93480584837834,-0.072606310684553,25.2301313848091,0.490422763576048,-3.51785227224264,26.8820475309914
424,LUV,-8.08839304870211,-13.3094220333681,17.7176927956962,-28.2036847043085,32.399538283798,16.790008534041,2.45017477839415,126.300425376091,85.5948126647774,20.083044735788,-33.9287342600698
425,SWK,7.30779215881019,9.74172742902353,41.1515630481317,-28.1344231394553,50.4800886021751,9.65455766957626,13.4236362468734,21.8325292019871,11.7860949563776,12.338174068381,3.52700539080024
426,SBUX.O,11.1641757343023,24.1661773941479,39.0707965509932,14.7517389300322,5.36732235857813,-6.12196196048176,48.2134143976353,6.23976369599779,48.1105821737657,18.2807913736607,45.4025552019206
427,STT,31.0547250314518,-4.83542461725267,29.3345553919548,-33.9667591558202,27.8278141502351,19.8073254487621,-13.8706513158598,8.69761198825094,58.6045617005635,19.1851156863894,-11.4506132205628
428,STE,29.4825939441626,25.5262346926172,44.1134701004851,23.6593435674045,31.7123597914138,-9.14662811213938,17.8489263033907,37.1990656215476,40.9637734965276,19.0998941239982,-16.5000194741564
429,SYK,10.220906026674,18.1470170261313,35.3324261171985,2.43348019465353,30.836670309743,30.6755135384196,0.01400735988879,27.4048016465366,39.2896520642195,12.0991280048866,-6.12841637707929
430,SIVB.O,74.8807467189233,54.4893243988647,32.1819713628563,-18.7577533495391,36.1819876517582,44.3734230401963,2.43818385430377,10.6904443983331,87.350366276386,17.3621304310888,-10.1036757736847
431,SYF,36.3932816621573,0.029991731172596,57.4655900204555,-37.8010999012928,8.35458958508668,20.3845258320162,2.21848740341155,29.3478260867267,NaN,NaN,NaN
432,SNPS.O,42.1462737231904,86.2356321968477,65.2421652458499,-1.1731581442018,44.8182127072263,29.0506467853245,4.92293535164299,7.14813902529228,27.4367527987085,17.0419117657552,1.07766630006303
433,SYY,8.31420727948664,-10.395559958665,39.6296392933836,5.47369367173069,12.464135822403,38.7353586403665,5.7954414919176,13.4165365912325,18.8936205721338,11.8947233880943,3.47881907116969
434,TMUS.O,-13.9933259176863,71.9586840086436,23.2825027422435,0.157455522363059,10.4329681755981,47.0092024600229,45.2115812908271,-19.9167657526261,283.221675947522,14.5161290311589,-31.2747426741047
435,TROW.O,34.8934587981416,27.8929120633935,35.617580358207,-9.74003741037528,43.387397343692,8.48319884988753,-12.2778604606003,4.68477438815365,31.2211794088234,18.5603071846467,-9.8511271844297
436,TTWO.O,-14.4713412580008,69.721473505156,18.9333592352455,-6.23064310418957,122.72266179805,41.4753157291091,24.2953977907113,61.370178482338,57.7656675888705,-18.7453874621679,10.4769669776465
437,TPR,32.2380163888667,16.9895243069304,-16.0798055935034,-21.4109545386027,30.4338397553727,10.80320539113,-9.34927718058832,-30.7596908274721,3.58290910188554,-7.43490954288208,11.9127287439676
438,TRGP.K,100.149433204582,-32.5156701447961,23.9722401116615,-19.9235732899624,-7.09227384294382,130.512018543931,-73.3610284386803,23.1647842068127,71.9683137046238,34.2089897411341,56.0893691851066
439,TGT,32.9204801060333,40.476216151707,100.152592326365,4.77577845529367,-5.8532653645372,2.67476060512841,-1.61123673181006,23.8234371092813,9.49580554832958,18.1618480550266,-12.9801660472077
440,TEL,35.1271104298589,28.9665496363879,29.3751755130741,-18.8747298451257,39.8696488627562,9.76423825831778,4.14957617665772,16.9121122251342,51.5661691916884,23.3508897245314,-11.1373459331917
441,TDY,11.4572172049593,13.1124834052237,67.354034868339,14.308584054054,47.2764227636812,38.6696730515866,-13.6655635617365,11.8441105999002,41.1710465670638,18.6326344583322,24.7441437271243
442,TFX,-19.8956242024499,9.75640453146525,46.2545621537578,4.45307273110775,55.4053673589505,23.661528509986,15.7069801769997,23.8961386201005,33.8066503171049,18.9076181026506,16.626611278647
443,TER.O,36.8103455304979,76.709597914285,118.936282705053,-24.3735353174637,66.1554430900538,24.2937796672473,5.72147172998119,13.3753893109296,4.32208407016956,23.917828324964,-2.92022791864852
444,TSLA.O,49.7555514617311,743.436999498005,25.7001201923075,6.8893528183716,45.701717441153,-10.9662097412609,7.9133132503036,47.8504809577938,344.136403897254,18.5924369747899,7.24746526473894
445,TXN.O,17.5403309366662,31.7392498641055,39.5595941478585,-7.19420150019427,46.7720393835452,36.7203096170215,5.18186213712899,25.0969562221886,46.2735844305867,8.70895072897617,-8.89214172058513
446,TXT,59.9297686304241,8.61984071894955,-2.86405383012006,-18.624385684152,16.7225405201609,15.8238922607796,-0.049525443593135,14.787263128851,48.6907937376056,34.4962342415433,-21.4707931804257
447,TMO,43.5390283038211,43.7126900662407,45.5487762714028,18.2137886442948,35.0266087188867,-0.11749333883001,13.7451574221237,13.0679245925589,75.7806024507661,43.1604952178082,-18.7680635850502
448,TJX,12.8371801631661,12.2472491479867,38.7723719766536,18.9481507942619,3.44752515466455,7.35372773160479,4.61065719505003,8.83639962133709,51.7073081158092,32.9582305971319,47.3513459705164
449,TSCO.O,71.5575415262914,52.313176295331,13.5496322657189,13.3428135205318,0.30264284825845,-10.3274430681222,9.40273210535902,2.54167882151295,77.0588244467163,26.9678961652749,45.6816775529009
450,TT,41.0088676600782,42.721076337937,45.6976871579852,2.2872519358029,18.8566098097943,35.7207451652979,-12.7780407023026,2.90584416010973,60.9334803926346,57.4007220214761,-35.294117651856
451,TDG,2.81651450270666,10.5089285714285,84.4075556782208,23.8292913844587,19.8418540396396,19.1287348765527,16.348357524828,39.8487230287815,36.4257601742282,56.4676622179814,32.8704346618528
452,TRV,13.9718016918385,5.3571257616456,17.0058521202032,-9.64522227719486,13.3682265245977,10.9531847791379,9.09480625941226,19.6035544693729,29.0693296928408,24.8135780834951,9.25381901541351
453,TRMB.O,30.5825969746893,60.1583113521418,26.678821031774,-19.0206692929647,34.7927031557593,40.5594405601699,-19.1785983433534,-23.5158501447931,16.0923385760553,37.7419354809033,8.69020787283559
454,TFC,26.0724229231992,-11.1306599234955,34.5196936393098,-10.2199035777641,8.67458771149896,28.4730467774987,-0.102031211940246,6.89748205699781,32.7188243287115,18.5719256174827,-1.87741358979621
455,TYL,23.2360487491983,45.4969668739332,61.4573243059234,4.95340299791189,24.0106464957206,-18.0988985761155,59.2836257324133,7.15754430399065,110.838150304152,60.8767851293254,45.0385356450707
456,TSN,38.4871712243581,-27.3293241593172,73.8734655755199,-32.8190104813838,33.3844715455936,16.8660004106979,34.3738296993169,20.7910393732644,73.9126414996853,-4.63008305322768,20.8961162302068
457,USB,24.3133342080476,-17.8840836429597,33.6065839265564,-12.3623353925372,6.61233083865171,23.400858451012,-2.81081403650987,13.7699364485413,29.5738162739763,20.9570741011687,2.28915199544324
458,UDR,61.0967277723106,-14.6308683754913,21.4754045224098,6.40761270845758,9.11629939421992,0.267004846346408,25.964023399852,37.1753294614314,1.97579533369139,-1.93272429471378,10.2331926245278
459,ULTA.O,43.5924223429446,13.4392036024709,3.38996896015449,9.4697308509982,-12.2695536168974,37.8054054126445,44.7121401804761,32.449233327045,-1.77081212651206,53.0642016991754,90.9411764781618
460,UNP,23.3288120955758,17.6630606554509,33.6730890796099,5.2734201267596,32.2434721998645,35.9758114072102,-32.8529729674588,44.4899777132055,36.2655012712169,21.2016635171258,16.6327190673966
461,UAL.O,1.2254335260117,-50.9024860927821,5.20721366386876,24.2284866412264,-7.51920966570565,27.1902268751989,-14.3369711521205,76.8173407353093,61.8049615145728,23.9003709584643,-20.7808564205407
462,UPS,30.0180374735986,48.6984788926466,24.2072083612463,-15.4794420659634,7.14296550422782,22.7070372357507,-10.9266020975855,8.66624584679661,46.5358994288038,3.83884573461757,3.88292015243343
463,URI,43.2840325988529,39.0597829381338,62.6548327293148,-40.3583270319077,62.8243985609995,45.5472842568308,-28.8893245744938,30.8659396976477,71.2434094886438,54.0439932354553,29.8901098918551
464,UNH,45.2131037634932,21.2047607867001,19.9871051504282,14.5207332030016,39.8242648738321,38.4054552064271,18.2578835672099,36.457685472696,41.0327184212439,8.58833521147071,42.187641377821
465,UHS,-5.16615573586227,-3.99955375833374,23.6155117245457,3.16534588111896,6.92751014819126,-10.6807917625444,7.7383271206672,37.3299889474768,68.5543366368855,26.1051845327793,-10.095533148349
466,VLO,40.328761238414,-35.6033255022264,30.3590743178414,-15.7194780259607,39.9828182901485,0.783915090973397,46.7936498272433,0.242232525412756,65.0244279935416,66.1701264460041,-7.84832172438312
467,VTR,7.75312579505867,-9.71118140484374,3.42562718821942,3.4079638918276,0.681914308279441,16.143865129558,-5.53941330964603,30.9235793705486,-7.64087655319696,22.3073719078139,9.77481406654492
468,VRSN.O,17.2920517560074,12.3105667440277,29.934587642244,29.5788185941819,50.4403838619841,-12.9235347934837,53.2631578917716,-4.65038474242134,53.9927872104328,8.67861141308754,18.0157301246445
469,VRSK.O,10.853081270304,39.9023689655107,37.9139741307704,13.5833333355464,18.2702969093196,5.5801248708975,20.0312255993073,-2.54108338249852,28.938591318874,27.0122103157132,17.752347424645
470,VZ,-7.53196947537123,-0.118929057886508,13.8671550203994,11.2515075128548,4.01556926718993,20.7166381938511,3.61039199937736,-0.562039629279387,18.6389307466405,13.1805132933149,18.2266502974382
471,VRTX.O,-7.08301599390702,7.94245262107303,32.1284171233426,10.5765381063705,103.420659702241,-41.4527537182346,5.91750841368235,59.8923283968885,77.3269689603578,26.1668172182494,-5.19554667608557
472,VFC,-12.0411334618906,-11.8947861837959,51.7244642298668,-1.29136696703946,42.7526706008496,-12.1398898844675,-15.2935698621905,22.1883421504371,68.3467288516494,21.3424666073533,50.916408046702
473,VTRS.O,-26.1266126728721,-6.76616915213805,-26.6423357705214,-35.2398960039233,10.9043250385614,-29.4433142213405,-4.08018449754601,29.8847926258978,58.1056466305727,27.9123951511155,1.56176053173023
474,VICI.K,23.7709574249284,5.95458014062571,43.1973790212679,-3.64483160487241,10.5121293788624,NaN,NaN,NaN,NaN,NaN,NaN
475,V,-0.320803762219268,17.1305365637936,43.3196798447365,16.4809089079212,47.1730481062853,1.3674844675597,19.1305111311278,18.6315417188743,48.0551822768269,50.4705621078832,45.4264210744162
476,VNO,17.7169298605421,-40.4689055978075,14.9069824996571,-17.7601037954783,-4.51235336034298,7.26926236508092,-3.88512413288932,36.3969162868556,14.6873544036767,9.16255254247578,-4.64376653035695
477,VMC,41.0922970181388,4.15329615560025,47.1451697194865,-22.2865994130474,3.42776180461373,32.7039229758204,45.1130518161427,10.9997969027104,14.2468066379531,32.4028443194323,-9.51123057367057
478,WAB,26.531220389364,-5.23580387032283,11.4704392978069,-13.2596469751671,-1.36183782542197,17.2990033744865,-17.8920632212699,17.2811161948893,70.0643006560334,25.4085127870626,32.4266852790277
479,WBA.O,35.806695878098,-29.3339146231622,-11.0224051793557,-3.67429657693184,-10.5296648781774,-1.02031581515284,13.6163139756155,35.2989958936598,58.9378872374105,15.3065131659901,-13.3111527012875
480,WMT,1.96899565704405,23.3382367198719,30.1591136025804,-3.43148138042965,46.5417545581862,16.0368549633173,-26.6421122679989,11.8593111368883,18.1675523486757,16.9709006616232,13.8691904450262
481,WBD.O,-21.7680292455965,-8.09407452802469,32.3362974979258,10.5451295858664,-18.3509668009083,2.73613193586741,-22.5544267056969,-25.417149605507,42.4385633239446,54.9426409587497,-1.7505995203367
482,WM,43.8146014402837,5.48801102198935,30.4519262045132,5.31133730162074,24.4571939626429,36.3769304283414,7.12914128657047,18.2203448939082,37.8502269705616,7.63676197723104,-7.71489264999222
483,WAT,50.594131436424,5.89343034334955,23.8536973220047,-2.350018114749,43.753255447246,-0.141179957511706,19.3931866559685,12.7199999996196,14.7842056970489,17.6502363138311,-4.70981856055933
484,WEC,8.64424008501308,2.48453115482026,37.0197380343711,7.85731141177728,17.083243666125,18.2134769268992,0.791085389450963,32.0839696206984,16.1282286855318,8.90515922691872,22.9289953312342
485,WFC,61.1224802718444,-41.6623808085244,21.4055210891215,-21.8241139331971,13.1930232309156,4.66614801734617,1.84558600321059,24.0914572563054,36.71390356921,27.3735834090747,-9.54177873562677
486,WELL.K,36.9788714436495,-17.4856398637001,23.0320746014796,15.3023128007655,0.198583840598343,3.37217519009534,-5.72489440165664,48.5120005651546,-8.41588906700736,18.2145233420697,21.2686183448718
487,WST,65.8762319525732,89.0591662917094,54.1380725937163,-0.083347578617032,17.0199054939831,41.8767208193089,14.0194793977109,9.52558403793167,81.2382220499419,46.6316587065456,-6.35246650373278
488,WDC.O,17.7288319191188,-10.9204811409624,77.022626012936,-51.9078965638466,19.8105270664666,17.4754046853815,-44.3106960082152,33.9997448534497,100.803462378261,39.0873950580601,-8.70206490145876
489,WRK,3.79495857517878,4.62651275308656,19.2853084499595,-38.3562043075078,28.1810525368184,28.1541562066324,-27.024235718514,NaN,NaN,NaN,NaN
490,WY,26.9307622070436,13.0747778888505,45.5901114349535,-35.466477399783,21.5639750974473,4.58031297493773,-13.1174291030094,17.3496317264477,16.6090732342218,53.0638457027474,1.62634486297022
491,WHR,33.2911422885416,26.4884891040428,42.8127521273982,-34.4980798752979,-4.88802637984471,26.7109760103872,-22.7150100770145,25.8333089080537,57.0350169927742,120.215889186529,-44.9914346112612
492,WMB,38.4346084428196,-7.59729564159608,14.2104633226335,-23.8785971753976,2.04485316629586,31.3740388329606,-39.2196564488697,21.4210784671021,22.7946056971896,26.183572245379,37.1494956082941
493,WTW.O,14.1575235887384,5.81404382136359,34.8158386534814,2.41563239825553,25.0383103738049,-3.44737727446538,11.4344121768783,2.82142622465564,37.2437343747532,-10.8858641617245,15.161099073253
494,GWW,28.7969652877535,22.828758713974,22.2763158048117,21.6705157337857,4.36841549813092,17.1823018202819,-18.9161203204396,1.51283583470456,28.0395503584431,9.75882492579179,37.8726565290763
495,WYNN.O,-24.6299742976159,-18.0379543642532,45.0217330692362,-40.1611158014171,98.0646517497768,27.9055254144368,-52.2449059574346,-20.9230033467279,80.894957136826,10.7261720788234,12.2899299650239
496,XEL.O,4.39834080191475,7.82854737310688,32.361307178768,5.84278496865491,21.894106719234,17.1372521811067,3.83473129247476,33.4759852557551,8.78051886356772,0.477043998069093,22.2961667864106
497,XYL,18.9360635635358,30.8911286970276,19.5857727573795,-1.01709701712273,39.5008109761519,37.5772430295946,-2.58464075752177,11.5545380874099,29.8534731941843,7.20268761679701,6.38615687756101
498,YUM,30.0538087838026,9.82512069717045,11.4146508674129,14.6028147252103,31.0894323646812,23.4261976013933,2.52184208576316,-1.66802360401834,16.2090883806439,14.5695760865071,22.7509343341894
499,ZBRA.O,54.8669112481461,50.4580331959676,60.4220310133107,53.4007707139286,21.0354477624184,23.129935389239,-10.0245446336883,43.139792889509,37.5731366142573,9.86584683717946,-5.8173203533104
500,ZBH,-17.024150642536,3.75844483347727,45.3761682597257,-13.306222522924,17.8593368010682,1.45301979262287,-8.79177198765648,22.7479735715703,41.1965825237724,26.1785898280362,-0.484351713859832
501,ZION.O,49.1074686980619,-13.160297034966,31.0648246190529,-18.2645124101024,19.2660607543951,59.2274221473464,-3.52126050689148,-4.31517336653228,40.6484413537681,31.720425187883,-32.6704127819403
502,ZTS,48.2545343683232,25.7561427490466,55.7068462054192,19.453566550364,35.5461893341921,12.640291285621,12.1678573318734,32.7833238705177,6.07058172815402,NaN,NaN
